PZ_ID,District,Mandal,Village,Value,
10006,Srikakulam,Hiramandalam,Hiramandalam,24,
10009,Srikakulam,Kanchili,Kanchili,21,
10014,Srikakulam,Mandasa,Mandasa,29,
10018,Srikakulam,Palasa,Palasa,21,
10020,Srikakulam,Polaki,Thalasamudram,16,
20006,Srikakulam,Ranasthalam,Pydibheema varam,19,
10022,Srikakulam,Ranasthalam,Ranasthalam  150,6,
10025,Srikakulam,Saravakota,Saravakota,6,
30391,Srikakulam,Vajrapu kotturu,Amalapadu,12,
10030,Srikakulam,Vajrapukotturu,Vajrapukotturu,3,
10031,Vizianagaram,Badangi,Badangi,21,
10034,Vizianagaram,Bondapalli,Devupalli,22,
10039,Vizianagaram,Gantyada,Gantyada,26,
30311,Vizianagaram,Gurla,Gurla,24,
30366,Vizianagaram,Nellimarla,Nellimarla,26,
30318,Vizianagaram,Poosapatirega,Chinthapalli,0,
10047,Vizianagaram,Poosapatirega,Poosapatirega,5,
30408,Vizianagaram,Ramabadrapuram,Jannivalsa,28,
30317,Vizianagaram,S.Kota,S.Kota,10,
10049,Vizianagaram,S.Kota,T.Boddavara,9,
10050,Vizianagaram,Therlam,Therlam,26,
10051,Vizianagaram,Vepada,Vepada,6,
30320,Vizianagaram,Vizianagaram,Pinavemali,5,
20983,Vizianagaram,Santhakaviti,Santhakaviti,4,
30269,Parvathipuram Manyam, Palakonda,R.B.Rajpeta,12,
10053,Parvathipuram Manyam,Balijipeta,Balijipeta,6,
10055,Parvathipuram Manyam,G.L.Puram,G.L.Puram,13,
20018,Parvathipuram Manyam,G.L.Puram,Kotthaguda,8,
10056,Parvathipuram Manyam,Garugubilli,Garugubilli,1,
10061,Parvathipuram Manyam,Parvathipuram,Parvathipuram,20,
20024,Parvathipuram Manyam,Seethanagaram,Maripivalasa,16,
10064,Parvathipuram Manyam,Sithampeta,Seethampeta,19,
20025,Alluri Sitharama Raju,Addateegla,Ellavaram,14,
20026,Alluri Sitharama Raju,Addateegla,Veerabhadrapuram,26,
60003,Alluri Sitharama Raju,Ananthagiri,Peda Gangavaram,16,
60004,Alluri Sitharama Raju,Arakuvalley,Pedalabudu,6,
20027,Alluri Sitharama Raju,Chintapalli,Lothugedda,16,
20031,Alluri Sitharama Raju,Devipatnam,Pothavaram,24,
20035,Alluri Sitharama Raju,G.K.Veedhi,R.V.Nagar,12,
20036,Alluri Sitharama Raju,Gangavaram,Chidipalem,24,
10073,Alluri Sitharama Raju,Gangavaram,Gangavaram,30,
10074,Alluri Sitharama Raju,Hukumpeta,Hukumpeta,26,
10076,Alluri Sitharama Raju,Maredumilli,Maredumilli,7,
10078,Alluri Sitharama Raju,Paderu,Guttulaputtu,24,
10084,Visakhapatnam,Anandapuram,Vellanki,7,
10085,Visakhapatnam,Bhimili,Chukkavanipalem,9,
20051,Visakhapatnam,Gajuwaka,Visakhapatnam (BHPV),15,
10090,Visakhapatnam,Pendhurthy,Pendurthi,16,
30302,Visakhapatnam,Seethammadara,BVK college (Visalakshi nagar),0,
60016,Anakapalli,Cheedikada,Chettupalli,27,
60022,Anakapalli,Makavarapalem,Tutipala,13,
60026,Anakapalli,S. Rayavaram,Sarvasiddi,15,
30286,Anakapalli,Butchayyapeta,Pedamadina,0,
30287,Anakapalli,Chodavaram,Adduru,11,
60031,Anakapalli,Chodavaram,Muddurthi,21,
10095,Anakapalli,Devarapalli,Devarapalli,25,
20056,Anakapalli,Devarapalli,Garisingi,12,
30290,Anakapalli,Golugonda,Chodyam,21,
20061,Anakapalli,K.Kotapadu,Sureddipalem,22,
50005,Anakapalli,Kasimkota,A.S.Peta,2,
10099,Anakapalli,Kasimkota,Kasimkota,5,
10100,Anakapalli,Kotauratla,Kotauratla,11,
10003,Srikakulam,Etcherla,Chilakapalem,14,
20002,Srikakulam,L.N.Peta,Ravichendri,20,
10016,Srikakulam,Nandigam,Nandigam,2,
10021,Srikakulam,Ponduru,Ponduru,3,
20005,Srikakulam,Ranasthalam,Kammasigdam,9,
10023,Srikakulam,Ranasthalam,Ranasthalam  50,25,
10028,Srikakulam,Srikakulam,Ragolu,20,
10032,Vizianagaram,Bhogapuram,Bhogapuram,9,
30307,Vizianagaram,Cheepurupalli,Karlam,20,
10036,Vizianagaram,Dattirajeru,Maradam,12,
30309,Vizianagaram,Garividi,Gotnandi,6,
10041,Vizianagaram,Jami,Alamanda,1,
20014,Vizianagaram,Kothavalasa,Viyyampeta,1,
20015,Vizianagaram,Merakamudidam,Budarayavalasa,3,
30280,Vizianagaram,Vangara,Thalagam,18,
30319,Vizianagaram,Vepada,Sompuram,18,
30310,Parvathipuram Manyam,Garugubilli,Naguru,0,
30312,Parvathipuram Manyam,Jiyyammavalasa,Sikhabadi,8,
10059,Parvathipuram Manyam,Pachipenta,Pachipenta,23,
20021,Parvathipuram Manyam,Pachipenta,Panchali,15,
20022,Parvathipuram Manyam,Saluru,Kurukutti,28,
30412,Parvathipuram Manyam,Saluru,Pothannavalsa,12,
20023,Parvathipuram Manyam,Saluru,Saluru,3,
30281,Parvathipuram Manyam,Veeraghattam,S.Narsipuram,17,
60002,Alluri Sitharama Raju,Ananthagiri,Garugubilli,24,
20030,Alluri Sitharama Raju,Chintoor,Servela,11,
30413,Alluri Sitharama Raju,Chintoor,Tulasipaka,25,
20034,Alluri Sitharama Raju,G.K.Veedhi,Duppalavada,2,
10075,Alluri Sitharama Raju,Koyyuru,Koyyuru,2,
20038,Alluri Sitharama Raju,Koyyuru,Marripalem,29,
20040,Alluri Sitharama Raju,Koyyuru,Ramarajupalem,24,
30073,Alluri Sitharama Raju,Kunavaram,Tekulaboru,10,
10080,Alluri Sitharama Raju,Rajavommangi,Bornagudem,12,
20046,Alluri Sitharama Raju,Rajavommangi,Jaddangi,19,
20049,Alluri Sitharama Raju,Y.Ramavaram,Kota,11,
30283,Visakhapatnam,Anandapuram,Pandalapaka,29,
30285,Visakhapatnam,Bhimili,Bhimili,2,
60010,Visakhapatnam,Bhimili,Chippada,15,
10086,Visakhapatnam,Mulagada,Visakhapatnam (Gollalapalem),23,
50001,Visakhapatnam,Padmanabham,Pandrangi,16,
10089,Visakhapatnam,Pedagantyada,Visakhapatnam (Steel Plant),19,
10091,Visakhapatnam,Seethammadara,Visakhapatnam (Sivajipalem),16,
60015,Anakapalli,Butchayyapeta,Dibbidi,21,
60017,Anakapalli,Devarapalli,Vechalam,12,
60018,Anakapalli,K. Kotapadu,varada,15,
60019,Anakapalli,Kasimkota,Kannurupalem,0,
60020,Anakapalli,Kotaurtla,P.Kothapalli,18,
60021,Anakapalli,Makavarapalem,Bheemaboyinapalem,7,
60024,Anakapalli,S. Rayavaram,Koruprolu,7,
60025,Anakapalli,S. Rayavaram,S.Rayavaram,15,
10093,Anakapalli,Butchaiahpeta,Vijayramarajupeta,22,
60030,Anakapalli,Chodavaram,Chodavaram,3,
20057,Anakapalli,Devarapalli,K.Boddapadu,19,
20058,Anakapalli,Devarapalli,Tamarabba,14,
10096,Anakapalli,Elamanchili,Elamanchili,30,
10097,Anakapalli,Golugonda,K.D.Peta,4,
20060,Anakapalli,K.Kotapadu,Gavarapalem,10,
20062,Anakapalli,Kasimkota,Addam,16,
30265,Srikakulam,Etcherla,Dharmavaram,14,
30409,Srikakulam,Etcherla,Kotcherla,21,
10005,Srikakulam,Gara,Ampolu,9,
30394,Srikakulam,Gara,Gorlevanipeta,12,
10008,Srikakulam,Jalumuru,Jalumuru,25,
20001,Srikakulam,Kaviti,Kaviti,18,
10010,Srikakulam,Kavity,Jagathi,21,
10011,Srikakulam,Kotabommali,Kotabommali,27,
10012,Srikakulam,Kotturu,Kotturu,14,
10017,Srikakulam,Narasannapeta,Devadi,25,
30270,Srikakulam,Palasa,Rangoi,12,
30395,Srikakulam,Polaki,Koduru,23,
30273,Srikakulam,Ranasthalam,Kovvadamatsyalesam,1,
30410,Srikakulam,Ranasthalam,Ranasthalam-100 m,23,
20007,Srikakulam,Santha bommali,Akasa lakhavaram,25,
30277,Srikakulam,Sompeta,Gollavuru,10,
20011,Vizianagaram,Denkada,Jonnada,20,
10038,Vizianagaram,G.P.Nagaram,Bodasingipeta,5,
20012,Vizianagaram,Gantyada,Bonangi,25,
20013,Vizianagaram,Kothavalasa,Kantakapalli,8,
10052,Vizianagaram,Vizianagaram,Vizianagaram,22,
20976,Vizianagaram,Rajam,Rajam,10,
10054,Parvathipuram Manyam,Bhamini,Bhamini,0,
20017,Parvathipuram Manyam,G.L.Puram,Kedaripuram,18,
20019,Parvathipuram Manyam,Komarada,Komarada,4,
20020,Parvathipuram Manyam,Makkuva,YS Valasa,8,
10062,Parvathipuram Manyam,Saluru,MMPalli,3,
10065,Parvathipuram Manyam,Veeraghattam,Veeraghattam,30,
60001,Alluri Sitharama Raju,Ananthagiri,Borra,19,
60005,Alluri Sitharama Raju,Arakuvalley,Thotavalasa,14,
10069,Alluri Sitharama Raju,Chintapalli,Chintapalli,26,
20028,Alluri Sitharama Raju,Chintoor,Chintoor,5,
30067,Alluri Sitharama Raju,Chintoor,Yeduguralla,,
palli,13,,,,
60006,Alluri Sitharama Raju,Dumbriguda,Santhinagar Colony,8,
20033,Alluri Sitharama Raju,G.K.Veedhi,Darakonda,6,
60007,Alluri Sitharama Raju,G.Madugula,G.Madugula,17,
20037,Alluri Sitharama Raju,Gangavaram,Kothada,11,
20043,Alluri Sitharama Raju,Maredumilli,Kutravada,30,
60009,Alluri Sitharama Raju,Paderu,Paderu,9,
20045,Alluri Sitharama Raju,Rajavommangi,Aminabada,15,
10081,Alluri Sitharama Raju,Rajavommangi,Rajavommangi,25,
10082,Alluri Sitharama Raju,Rampachodavaram,Rampachodavaram,24,
20047,Alluri Sitharama Raju,V.R.Puram,Jeediguppa,11,
10083,Alluri Sitharama Raju,Y.Ramavaram,Panasalapalem,30,
30284,Visakhapatnam,Anandapuram,Sontyam,12,
60011,Visakhapatnam,Bhimili,Nagarampalem,7,
30289,Visakhapatnam,Gajuwaka,Aganampudi,22,
10087,Visakhapatnam,Gajuwaka,Visakhapatnam (Kanithi Colony),29,
20052,Visakhapatnam,Gopalapatnam,Visakhapatnam (Gopalapatnam),30,
10088,Visakhapatnam,Padmanabham,Anantavaram,23,
50002,Visakhapatnam,Pedagantyada,Palavalasa,26,
50003,Visakhapatnam,Pendhurthy,Narava,16,
30396,Visakhapatnam,Visakhapatnam Rural,Peda Rushikonda,2,
30303,Visakhapatnam,Visakhapatnam Rural,Yendada,15,
20054,Visakhapatnam,Gopalapatnam,Visakhapatnam (APSIDC),26,
20055,Visakhapatnam,Maharanipeta,Visakhapatnam (YSR PARK),19,
60027,Anakapalli,V. Madugula,Gadhirai,15,
10092,Anakapalli,Achyutapuram,Achutapuram,7,
20059,Anakapalli,Golugonda,Pappusettipalem,20,
10098,Anakapalli,K.Kotapadu,Chowduwada,28,
10001,Srikakulam,Amadalavalasa,Amadalavalasa,5,
10002,Srikakulam,Burja,Burja,23,
30407,Srikakulam,Etcherla,Kammavari peta,5,
10004,Srikakulam,G.Sigadam,G.Sigadam,27,
30392,Srikakulam,Itchapuarm,Burjapadu,9,
10007,Srikakulam,Itchapuram,Itchapuram,14,
30266,Srikakulam,Kotabommali,Kottapalli,22,
30267,Srikakulam,Laveru,Kothakunkam,4,
10015,Srikakulam,Meliaputti,Meliaputti,15,
30268,Srikakulam,Narasannapeta,Narasannapeta,17,
10019,Srikakulam,Pathapatnam,Pathapatnam,21,
30271,Srikakulam,Ponduru,Tadivalasa,24,
30274,Srikakulam,Ranasthalam,Patharlapalli,30,
10024,Srikakulam,Santha bommali,Santhabommali,0,
10026,Srikakulam,Sarubujjili,Sarubujjili,18,
30393,Srikakulam,Sompeta,Erramukkam,16,
10027,Srikakulam,Sompeta,Sompeta,28,
10029,Srikakulam,Tekkali,Tekkali,2,
30278,Srikakulam,Vajrapu kotturu,Dokulupadu,8,
30279,Srikakulam,Vajrapu kotturu,Pathatekkali,5,
30305,Vizianagaram,Bhogapuram,Gudivada,25,
20009,Vizianagaram,Bhogapuram,Ravada,5,
10033,Vizianagaram,Bobbili,Bobbili,8,
20010,Vizianagaram,Bobbili,Gopalarayudupeta,26,
30411,Vizianagaram,Bondapalli,Veduruwada,4,
10035,Vizianagaram,Cheepurupalli,Cheepurupalli,4,
30308,Vizianagaram,Dattirajeru,Chinakada,30,
10037,Vizianagaram,Denkada,Denkada,28,
10040,Vizianagaram,Garividi,Garividi,17,
10042,Vizianagaram,Kothavalasa,Kothavalasa,14,
30313,Vizianagaram,L.Kota,Goljam,12,
10043,Vizianagaram,L.Kota,L.Kota,28,
30314,Vizianagaram,Mentada,Andra,6,
10044,Vizianagaram,Mentada,Mentada,14,
10045,Vizianagaram,Merakamudidam,Garbham,24,
10046,Vizianagaram,Nellimarla,Satiwada,13,
30306,Vizianagaram,Poosapatirega,Konada,0,
30272,Vizianagaram,Rajam,Pogiri,28,
10048,Vizianagaram,Ramabadrapuram,R.B.Puram,0,
30275,Vizianagaram,Regidi,Cinaasirlam,11,
20975,Vizianagaram,R.Amadala valasa,R.Amadalavalasa,7,
20016,Parvathipuram Manyam,Bhamini,Battili,7,
10057,Parvathipuram Manyam,Jiyyammavalasa,Jiyyammavalasa,26,
10058,Parvathipuram Manyam,Kurupam,Kurupam,12,
10060,Parvathipuram Manyam,Palakonda,Palakonda,1,
30316,Parvathipuram Manyam,Parvathipuram,Dokusila,3,
30276,Parvathipuram Manyam,Seethampeta,Kusimi,21,
10063,Parvathipuram Manyam,Seethanagaram,Seethanagaram,13,
10066,Alluri Sitharama Raju,Addateegla,Addateegala,27,
10067,Alluri Sitharama Raju,Ananthagiri,Anantagiri,21,
10068,Alluri Sitharama Raju,Arakuvalley,Arakuvalley,8,
20029,Alluri Sitharama Raju,Chintoor,Mothugudem,12,
20032,Alluri Sitharama Raju,Devipatnam,Sarabhavaram,12,
10071,Alluri Sitharama Raju,Dumbriguda,Dumbriguda,13,
10072,Alluri Sitharama Raju,G.K.Veedhi,G.K.Veedhi,25,
60008,Alluri Sitharama Raju,Koyyuru,Balaram,18,
20039,Alluri Sitharama Raju,Koyyuru,Nadimpalem,28,
20042,Alluri Sitharama Raju,Maredumilli,Kundada,8,
20044,Alluri Sitharama Raju,Maredumilli,Sunnampadu,3,
10077,Alluri Sitharama Raju,Munchingputtu,Munchingiputtu,16,
10079,Alluri Sitharama Raju,Pedabayalu,Pedabayalu,28,
30085,Alluri Sitharama Raju,Yetapaka,Yetapaka,2,
60012,Visakhapatnam,Padmanabham,Inada,13,
20053,Visakhapatnam,Pedagantyada,T.Devada,11,
30397,Visakhapatnam,Seethammadara,APTDC (Appughar),21,
60013,Visakhapatnam,Visakhapatnam Rural,Arilova,19,
30398,Visakhapatnam,Maharanipeta,Pandurangapuram (Yoga village),4,
60014,Visakhapatnam,Visakhapatnam Rural,Madhurawada,3,
50004,Visakhapatnam,Visakhapatnam Rural,Marikavalasa,4,
60023,Anakapalli,S. Rayavaram,Darlapudi,4,
60028,Anakapalli,V. Madugula,Sankaram,22,
60029,Anakapalli,Anakapalli,Kundram,29,
30414,Anakapalli,Anakapalli,Tummapala,14,
10094,Anakapalli,Cheedikada,Cheedikada,30,
30288,Anakapalli,Devarapalli,M.Alamanda,10,
30291,Anakapalli,Kasimkota,Ugginapalem,23,
30292,Anakapalli,Kotaurtla,Chowduvada,20,
10102,Anakapalli,Munagapaka,Munagapaka,19,
30294,Anakapalli,Nakkapalli,Donivani Lakshmipuram,24,
60032,Anakapalli,Nakkapalli,Donkada,22,
10107,Anakapalli,Payakaraopeta,Payakaraopeta,29,
30415,Anakapalli,S. Rayavaram,Pedda uppalam,29,
10109,Anakapalli,Sabbavaram,Aripaka,25,
60036,Anakapalli,Sabbavaram,Gollalapalem,23,
30301,Anakapalli,V. Madugula,Gotiwada Agraharam,7,
10110,Anakapalli,V.Madugula,V.Madugula,23,
30068,Kakinada,Eleswaram,Yerravaram,7,
10128,Kakinada,Gandepalli,Gandepalli,8,
30373,Kakinada,Kajuluru,Kajuluru,26,
10132,Kakinada,Kakinada rural,Nemam,0,
10103,Anakapalli,Nakkapalli,Nakkapalli,1,
20063,Anakapalli,Nakkapalli,Vempadu,5,
20064,Anakapalli,Nathavaram,Golugondapeta,17,
20065,Anakapalli,Nathavaram,Nathavaram,24,
30297,Anakapalli,Parawada,Cheepurupalli West,18,
20066,Anakapalli,Payakaraopeta,Edatam,7,
60033,Anakapalli,Rambilli,Rambilli,20,
20067,Anakapalli,Ravikamatam,K.B.P.Agraharam,7,
60034,Anakapalli,Ravikamatham,Tatlabanda,27,
20069,Anakapalli,Rolugunta,Kumaravolu,7,
30299,Anakapalli,S. Rayavaram,Vakapadu,11,
50006,Anakapalli,Sabbavaram,Chinthagatla Agraharam,27,
20081,Kakinada,Eleswaram,J.Annavaram,27,
10127,Kakinada,Eleswaram,Yeleswaram,15,
10130,Kakinada,Jaggampeta,Bhavaram,17,
10131,Kakinada,Kakinada,Kakinada,29,
30374,Kakinada,Karapa,Kongodu,26,
20085,Kakinada,Karapa,Velangi,4,
10133,Kakinada,Kotananduru,K.S.Kothuru,19,
20087,Kakinada,Pedapudi,Domada,15,
20088,Kakinada,Peddapuram,Valuthimmapuram,21,
10101,Anakapalli,MakavariPalem,Makavaripalem,12,
30295,Anakapalli,Nathavaram,Ananatapadmanabhapuram,26,
10104,Anakapalli,Narsipatnam,Narsipatnam,7,
30296,Anakapalli,Nathavaram,Chammachinata,8,
10105,Anakapalli,Nathavaram,D.Erravaram,7,
10106,Anakapalli,Parawada,Parawada,4,
30401,Anakapalli,Payakaraopeta,Gopalapatnam,21,
30399,Anakapalli,Payakaraopeta,Kesavaram,17,
20068,Anakapalli,Rolugunta,Kothapatnam,18,
30298,Anakapalli,Rolugunta,Sarabhavaram,10,
30300,Anakapalli,S. Rayavaram,R.Kothuru,15,
30402,Anakapalli,V. Madugula,Jammadevipeta,1,
20083,Kakinada,Jaggampeta,Jaggampeta,7,
20084,Kakinada,Jaggampeta,Mallisala,11,
30368,Kakinada,Kajuluru,Kolanka,28,
20086,Kakinada,Kirlampudi,Kirlampudi,14,
10134,Kakinada,Kotananduru,Kotananduru,11,
30282,Anakapalli,Rambilli,Lalam Koduru,14,
30400,Anakapalli,Rambilli,Marripalem ,17,
10108,Anakapalli,Ravikamatam,Kothakota,4,
60035,Anakapalli,Ravikamatham,,,
,Mediwada,9,,,
50007,Anakapalli,Sabbavaram,Erravanipalem,23,
60037,Anakapalli,Sabbavaram,Ravulammapalem,1,
30304,Anakapalli,Yelamanchilli,Padmanabharajupeta,7,
30365,Kakinada,Gollaprolu,AK ,,
Mallavaram,18,,,,
10129,Kakinada,Gollaprolu,Durgada,13,
20082,Kakinada,Gollaprolu,Thatiparthi,4,
30417,Kakinada,Kakinada rural,Kovvuru,8,
10135,Kakinada,Pedapudi,G.Mamidada,7,
20089,Kakinada,Pithapuram,Pithapuram,27,
30081,Kakinada,Samarlakota,Madhavapatnam,0,
30074,Kakinada,Pithapuram,Raparthi,27,
10136,Kakinada,Prathipadu,Prathipadu,17,
20091,Kakinada,Samarlakota,Samalkota,25,
20092,Kakinada,Sankhavaram,Sankhavaram,21,
10138,Kakinada,Tallarevu,P.Mallavaram,23,
30084,Kakinada,Thondangi,Vemavaram,2,
20094,Kakinada,Tuni,D.Polavaram,9,
10140,Kakinada,Tuni,Tuni,19,
10141,Kakinada,U.Kothapalli,Endapalli,28,
30064, Dr BR Ambedkar Konaseema,Ainavilli,Krapa,5,
20097, Dr BR Ambedkar Konaseema,Alamuru,Choppella,27,
30363, Dr BR Ambedkar Konaseema,Amalapuram,Amalapuram,5,
10145, Dr BR Ambedkar Konaseema,Athreyapuram,Athreyapuram,2,
30364, Dr BR Ambedkar Konaseema,I.Polavaram,Kesinakurru,,
palem,20,,,,
10147, Dr BR Ambedkar Konaseema,Kapileswarapuram,Teki,15,
20102, Dr BR Ambedkar Konaseema,Katrenikona,Pallamkurru,15,
20106, Dr BR Ambedkar Konaseema,Mandapet,Mandapet,29,
20107, Dr BR Ambedkar Konaseema,P.Gannavaram,Lankala Gnnavarm,1,
20070,East Godavari,Anaparthy,Anaparthy,23,
10112,East Godavari,Biccavole,Balabhadrapuram 1,19,
20093,Kakinada,Tallarevu,Chollangipeta,8,
10139,Kakinada,Thondangi,Thondangi,29,
20096, Dr BR Ambedkar Konaseema,Ainavilli,Ainavilli,5,
20099, Dr BR Ambedkar Konaseema,Athreyapuram,Ryali,23,
20100, Dr BR Ambedkar Konaseema,I.Polavaram,T.kothapalli,22,
20103, Dr BR Ambedkar Konaseema,Malkipuram,Lakkavaram,3,
20104, Dr BR Ambedkar Konaseema,Malkipuram,Malkipuram,18,
10148, Dr BR Ambedkar Konaseema,Mummidivaram,Mummidivaram,9,
20108, Dr BR Ambedkar Konaseema,Ramachandrapuram,Venkatayapalem,9,
20110, Dr BR Ambedkar Konaseema,Ravulapalem,Gopalpuram 2,23,
20071,East Godavari,Biccavole,Biccavole,27,
20072,East Godavari,Chagallu,Chikkala,30,
20090,Kakinada,Prathipadu,Lampakalova,11,
10137,Kakinada,Rowthulapudi,Rowthulapudi,5,
30376,Kakinada,U.Kothapalli,Konapapa,,
peta,12,,,,
10142, Dr BR Ambedkar Konaseema,Alamuru,Alamuru,20,
30065, Dr BR Ambedkar Konaseema,Ambajipeta,Pulletikurru,4,
30371, Dr BR Ambedkar Konaseema,K. Gangavaram (Pamarru),Pekeru,2,
30071, Dr BR Ambedkar Konaseema,Kapileswarapuram,Vedurumudi,7,
30361, Dr BR Ambedkar Konaseema,Mamidikuduru,Mamidikuduru,18,
20113, Dr BR Ambedkar Konaseema,Razole,Katrenipadu,18,
10151, Dr BR Ambedkar Konaseema,Sakhinetipalli,Antharvedhi,17,
20115, Dr BR Ambedkar Konaseema,Uppalaguptam,Uppalaguptam,21,
30069,East Godavari,Gokavaram,Gokavaram,3,
30375,Kakinada,Tallarevu,Korangi,19,
30083,Kakinada,Thondangi,P.E. Chinnayyapalem,17,
20095,Kakinada,Tuni,Velamakothuru,9,
10143, Dr BR Ambedkar Konaseema,Allavaram,Allavaram,19,
10144, Dr BR Ambedkar Konaseema,Ambajipeta,Ambajipeta,12,
10146, Dr BR Ambedkar Konaseema,K. Gangavaram (Pamarru),Kotipalli,30,
20101, Dr BR Ambedkar Konaseema,Katrenikona,Katrenikona,12,
10149, Dr BR Ambedkar Konaseema,Ramachandrapuram,Ramachandrapuram,19,
20109, Dr BR Ambedkar Konaseema,Ravulapalem,Gopalpuram 1,25,
20111, Dr BR Ambedkar Konaseema,Ravulapalem,Ravulapalem,1,
10150, Dr BR Ambedkar Konaseema,Razole,Razole,7,
10111,East Godavari,Anaparthy,Kuthukuluru,28,
10113,East Godavari,Biccavole,Balabhadrapuram 2,0,
10114,East Godavari,Biccavole,Balabhadrapuram 3,6,
30327,East Godavari,Chagallu,Mallavaram,16,
20073,East Godavari,Devarapalli,Yernagudem,14,
20074,East Godavari,Gokavaram,Gummalladoddi,6,
20075,East Godavari,Gopalapuram,Gopalapuram,25,
20077,East Godavari,Korukonda,Gadala,2,
30342,East Godavari,Peravali,Mukkamala,3,
30070,East Godavari,Kovvuru,Kovvuru,30,
30348,East Godavari,Undrajavaram,Chivatam,29,
30448,East Godavari,Rajanagaram,Srirampuram-II,29,
20142,West Godavari,Achanta,Achanta,6,
20145,West Godavari,Iragavaram,Iragavaram,10,
30331,West Godavari,Iragavaram,Repaka,9,
20147,West Godavari,Narsapuram,Narsapuram,2,
30362,West Godavari,Narsapuram,Vemuladeevi,1,
30339,West Godavari,Pentapadu,Parimella,1,
30076,East Godavari,Rajahmundry rural,Morampudi,9,
10120,East Godavari,Rajanagaram,Mukkinada,5,
10122,East Godavari,Rajanagaram,Sampatinagaram 2,28,
30080,East Godavari,Rangampeta,Elakolanu,6,
10124,East Godavari,Rangampeta,Rangampeta,12,
30082,East Godavari,Sitanagaram,Mirthipadu,21,
10125,East Godavari,Sitanagaram,Sitanagaram,14,
10126,East Godavari,Tallapudi,Prakkilanka,18,
20080,East Godavari,Undrajavaram,Undrajavaram,17,
30444,East Godavari,Korukonda,Dosakayalapalli,22,
30445,East Godavari,Rajahmundry rural,Pidimgoyyi,15,
30323,West Godavari,Akiveedu,Kollaparru,18,
20144,West Godavari,Athili,Athili,5,
30325,West Godavari,Bhimavaram,Rayalam,9,
30360,West Godavari,Mogalthuru,Mogalturu,15,
50010,West Godavari,Narsapuram,Seetarampuram,26,
20148,West Godavari,Palakoderu,Palakoderu,20,
30337,West Godavari,Palakollu,Aratlakatta,23,
30340,West Godavari,Penugonda,Cherukuwada,30,
10115,East Godavari,Kadiam,Kadiam,30,
10116,East Godavari,Korukonda,Korukonda,26,
30072,East Godavari,Korukonda,Kotikesavaram,16,
20078,East Godavari,Kovvuru,Dharmavaram,5,
20079,East Godavari,Nallajerla,Dubacherla,14,
10117,East Godavari,Nidadavole,Nidadavolu,5,
30077,East Godavari,Rajanagaram,Kalavacherla,6,
30446,East Godavari,Rajahmundry ,Rajahmundry ,20,
30447,East Godavari,Rajanagaram,Srirampuram-I,18,
40129,East Godavari,Biccavole,Ralla ,,
khandrika,10,,,,
40130,East Godavari,Biccavole,Rangapuram,29,
30321,West Godavari,Achanta,Penumanchili,24,
30322,West Godavari,Akiveedu,Cherukumilli,24,
30324,West Godavari,Athili,Manchili,26,
10182,West Godavari,Bhimavaram,Bhimavaram,21,
20146,West Godavari,Kalla,Kalla,14,
30367,West Godavari,Mogalthuru,Kalipatnam,4,
10183,West Godavari,Mogalthuru,Perupalem,7,
30333,West Godavari,Narsapuram,Lakshmaneswaram,15,
20149,West Godavari,Pentapadu,Pentapadu,25,
20076,East Godavari,Kadiam,Muramanda,11,
10118,East Godavari,Peravali,Peravali,26,
10119,East Godavari,Rajahmundry ,Rajahmundry,3,
30075,East Godavari,Rajahmundry rural,Katheru,0,
30078,East Godavari,Rajanagaram,Parijallipeta,5,
10121,East Godavari,Rajanagaram,Sampatinagaram 1,0,
10123,East Godavari,Rajanagaram,Sampatinagaram 3,0,
30079,East Godavari,Rangampeta,China Doddigunta,28,
30416,East Godavari,Tallapudi,Annadeverapeta,2,
30449,East Godavari,Rajanagaram,Velugubanda-I,13,
30450,East Godavari,Rajanagaram,Velugubanda-II,18,
20143,West Godavari,Akiveedu,Ajjamuru _ HO_ Akiveedu,1,
30336,West Godavari,Palakoderu,Mogallu,7,
50011,West Godavari,Palakollu,Palakollu,21,
10184,West Godavari,Penumantra,Marteru,28,
30341,West Godavari,Penumantra,Juttiga,16,
30343,West Godavari,Poduru,Vedangi,13,
20153,West Godavari,Tadepalligudem,Venkataramannagudem,22,
30347,West Godavari,Undi,Utarapalem,25,
10185,West Godavari,Veeravasaram,Mastyapuri,16,
10152,Eluru,Agiripalli,Agiripalli,27,
30418,Eluru,Agiripalli,Kalaturu,5,
30326,Eluru,Buttaigudem,Nimmalagudem,1,
10153,Eluru,Buttaigudem,Puliramudugudem,4,
30329,Eluru,Eluru,Chataparru,11,
10160,Eluru,Eluru,Eluru_Il,15,
10161,Eluru,Eluru,Eluru_IV,21,
10165,Eluru,Kamavarapukota,Kamavarapukota_l,25,
20128,Eluru,Kukkunuru,cheravalli_2,4,
20129,Eluru,Kukkunuru,Ramasingaram,14,
20151,West Godavari,Poduru,Poduru,17,
50013,West Godavari,Veeravasaram,S_Chikkala,24,
30350,West Godavari,Yelamanchilli,Chinchinada,10,
10154,Eluru,Chatrai,Chatrai,24,
30153,Eluru,Chatrai,Mankollu,6,
20119,Eluru,Denduluru,Challachintalapudi,0,
10163,Eluru,Jangareddigudem,Jangareddigudem,21,
30332,Eluru,jangareddygudem,Nimmalagudem,0,
30419,Eluru,Jeelugumilli,Ankannagudem,25,
30334,Eluru,Jeelugumilli,Swarnavarigudem,3,
20123,Eluru,Kaikaluru,Kaikaluru,27,
10164,Eluru,Kamavarapukota,Kamavarapukota ll,22,
10167,Eluru,Koyyalagudem,Koyyalagudem_II,30,
20127,Eluru,Kukkunuru,Cheravalli_1,23,
30335,Eluru,Lingapalem,Dharmajigudem,1,
10168,Eluru,Lingapalem,K_Gokavaram,28,
20150,West Godavari,Penugonda,Penugonda,12,
30370,West Godavari,Tadepalligudem,Tadepalligudem,30,
20152,West Godavari,Tadepalligudem,Madhavaram,11,
30345,West Godavari,Tadepalligudem,Tadepalligudem,10,
20154,West Godavari,Tanuku,Tanuku,17,
20155,West Godavari,Undi,Undi,13,
30349,West Godavari,Veeravasaram,Rayakuduru,1,
10186,West Godavari,Yelamanchilli,Narnimeraka,4,
10155,Eluru,Chatrai,Chinnampeta,5,
30152,Eluru,Chatrai,Chittapur,6,
20117,Eluru,Chintalapudi,Raghavapuram,5,
30359,Eluru,Denduluru,Medinaraopalem-2,23,
10159,Eluru,Eluru,Eluru_III,3,
20122,Eluru,Jeelugumilli,Jeelugumilli,8,
30357,Eluru,Kamavarapukota,Kallacheruvu-2,9,
30346,West Godavari,Tanuku,Mandapaka,6,
30146,Eluru,Agiripalli,Edara,5,
30369,Eluru,Bhimadole,Polasanipalli-1,25,
30372,Eluru,Bhimadole,Polasanipalli-2,26,
20116,Eluru,Buttaigudem,Buttaigudem,30,
30151,Eluru,Chatrai,Chanubanda,3,
20118,Eluru,Chintalapudi,Yerraguntapalli,9,
30328,Eluru,Chinthalapudi,Pragadavaram,15,
30358,Eluru,Denduluru,Medinaraopalem-1,28,
10156,Eluru,DwarakaTirumala,G.Kothapalli_I,24,
10157,Eluru,DwarakaTirumala,G.Kothapalli_II,0,
10158,Eluru,Eluru,Eluru_1,20,
20121,Eluru,Jangareddigudem,Taduvai,20,
20124,Eluru,Kalidindi,Kalidindi,9,
20125,Eluru,Kamavarapukota,Kallacheruvu,23,
20126,Eluru,Koyyalagudem,Bayyannagudem,0,
20130,Eluru,Mandavlli,Mandavlli,10,
50009,Eluru,Musunuru,Akkireddy gudem -II,17,
50008,Eluru,Musunuru,Akkireddy gudem -I,23,
20134,Eluru,Nuzvid,Jangamgudem,30,
20135,Eluru,Nuzvid,Yanamadala,7,
30164,Eluru,Nuzvidu,Nuzvidu,10,
10175,Eluru,Pedapadu,Kokkirapadu_1,28,
30420,Eluru,Pedavegi,Jaggannadhpuram,14,
10181,Eluru,T_Narasapuram,Borrampalem,23,
50019,Krishna,Bantumilli,Munjuluru,25,
20185,Krishna,Bapulapadu,Ramannagudem,14,
20187,Krishna,Bapulapadu,Veeravalli,13,
50020,Krishna,Challapalli,Nadakuduru,11,
50022,Krishna,Challapalli,Yarlagadda,26,
20189,Krishna,Gannavaram,Surampalli,18,
20193,Krishna,Guduru,Guduru,5,
50025,Krishna,Kankipadu,Kankipadu,26,
10172,Eluru,Nuzvid,Digavalli,23,
30338,Eluru,Pedapadu,Kotturu,20,
10176,Eluru,Pedavegi,Munduru _l,28,
10177,Eluru,Pedavegi,Munduru_ll,28,
30344,Eluru,T.Narsapuram,T.Narsapuram,4,
20138,Eluru,T_Narasapuram,Makkinavarigudem,3,
20141,Eluru,Velairpadu,Velairpadu,8,
30389,Krishna,Avanigadda,Ramachandra puram,22,
30156,Krishna,Gannavaram,Veduru pavuluru,3,
20192,Krishna,Gudiwada,Billapadu,17,
50024,Krishna,Gudlavalleru,Kowtavaram,27,
10211,Krishna,Mopidevi,Venkatapuram,13,
20131,Eluru,Mudinepalli,Mudinepalli,28,
10171,Eluru,Musunuru,Surepalli,13,
10170,Eluru,Musunuru,Musunuru,8,
10174,Eluru,Nuzvid,Pallerlamudi,11,
20137,Eluru,Polavaram,LND_Peta,23,
20140,Eluru,Velairpadu,Koida,30,
10207,Krishna,Avanigadda,Avanigadda,6,
20188,Krishna,Challapalli,Challapalli,29,
50023,Krishna,Ghantasala,Srikakulam,13,
10209,Krishna,Kankipadu,Edupugallu,28,
10210,Krishna,Koduru,Koduru,2,
30386,Krishna,Machilipatnam,Mangenapudi Beach ,10,
10212,Krishna,Movva,Kuchipudi,22,
20132,Eluru,Musunuru,Velpucherla,2,
20133,Eluru,Nidamarru,Nidamarru,25,
10173,Eluru,Nuzvid,Meerjapuram,21,
20136,Eluru,Pedapadu,Apppanaveedu,6,
10178,Eluru,Pedavegi,Vijayarai,18,
10180,Eluru,Polavaram,Polavaram,9,
20139,Eluru,Unguturu,Unguturu,2,
30383,Krishna,Bantumilli,Bantumilli,20,
30148,Krishna,Bapulapadu,Madicherla,27,
20186,Krishna,Bapulapadu,Singannagudem,28,
50021,Krishna,Challapalli,NadakuduruStallin,2,
20190,Krishna,Gannavaram,Veerapanenigudem,21,
20191,Krishna,Ghantasala,Ghantasala,9,
10208,Krishna,Gudiwada,Gudiwada,14,
30387,Krishna,Guduru,Mukkollu,30,
30162,Krishna,Koduru,Pittallanka-I,8,
30163,Krishna,Koduru,Pittallanka-II,1,
20194,Krishna,Kruthivennu,Kruthivennu,1,
20195,Krishna,Machilipatnam,Machilipatnam,5,
30385,Krishna,Mopidevi,Bobbaralanka,13,
20196,Krishna,Movva,Nidumolu,6,
30147,Krishna,Nagayalanka,Ganapeswaram,14,
20197,Krishna,Nagayalanka,Nagayalanka,9,
50027,Krishna,Pamarru,Pamarru-2,10,
50028,Krishna,Pamarru,Pamarru-3,6,
30405,Krishna,Pamidimukkala,Meduru-I,5,
30406,Krishna,Pamidimukkala,Meduru-II,6,
20201,Krishna,Thotlavalluru,Thotlavalluru,22,
20202,Krishna,Unguturu,Telaprolu,24,
20203,Krishna,Unguturu,Unguturu,15,
50014,N.T.R,A.Konduru,Cheemalapadu,20,
20158,N.T.R,Chandarlapadu,Munagalapalli,20,
10189,N.T.R,G.Konduru,Gangineni,4,
20160,N.T.R,Gampalagudem,Gosaveedu,20,
20163,N.T.R,Ibrahimpatnam,Kachavaram,16,
10194,N.T.R,Jaggayyapeta,Budawada,29,
20165,N.T.R,Jaggayyapeta,Chillakallu,6,
10195,N.T.R,Kanchikacherla,Kanchikacherla,,
30160,N.T.R,Kanchikacherla,Paritala,2,
30388,Krishna,Pedana,Penumalli,12,
30403,Krishna,Pedaparupudi,Dosapadu-I,24,
30404,Krishna,Pedaparupudi,Dosapadu-II,27,
20198,Krishna,Pedaparupudi,Ventrapragada,12,
10218,Krishna,Vuyyuru,Gandigunta-1,10,
10187,N.T.R,A.Konduru,Kambhampadu,3,
30421,N.T.R,A.Konduru,Kotta Repudi,4,
20159,N.T.R,G.Konduru,G.Konduru,3,
30157,N.T.R,Ibrahimpatnam,Jupudi,25,
20164,N.T.R,Jaggayyapeta,Bandipalem,23,
30161,N.T.R,Kanchikacherla,Pendyala,18,
10196,N.T.R,Mylavaram,Mylavaram,8,
10214,Krishna,Pamarru,Pamarru,26,
50026,Krishna,Pamarru,Pamarru-1,28,
50029,Krishna,Pedana,Pedana,21,
20199,Krishna,Pedaparupudi,Yelamarru,20,
20200,Krishna,Penamaluru,Kanuru,0,
10216,Krishna,Penamaluru,Vanukuru,22,
10217,Krishna,Unguturu,Nandamuru,17,
10219,Krishna,Vuyyuru,Gandigunta-2,11,
10220,Krishna,Vuyyuru,Gandigunta-3,7,
50015,N.T.R,A.Konduru,Vallampatla,3,
10188,N.T.R,Chandarlapadu,Chandarlapadu,28,
20156,N.T.R,Chandarlapadu,Chintalapadu,21,
30149,N.T.R,Chandarlapadu,Kasarabada,25,
20157,N.T.R,Chandarlapadu,Lakshmipuram,7,
30150,N.T.R,Chandarlapadu,Veladi Kothapalem,27,
50016,N.T.R,G.Konduru,Koduru,19,
50017,N.T.R,G.Konduru,Kuntamukkala,3,
10191,N.T.R,Gampalagudem,Gampalagudem,9,
10192,N.T.R,Gampalagudem,Nemali,22,
20162,N.T.R,Gampalagudem,Vinagadapa,21,
10193,N.T.R,Ibrahimpatnam,Kondapalli,6,
30158,N.T.R,Jaggayyapeta,K. Agraharam,15,
30159,N.T.R,Jaggayyapeta,SM peta,0,
10197,N.T.R,Mylavaram,Pulluru,17,
20170,N.T.R,Nandigama,Rudravaram,29,
10213,Krishna,Nandiwada,Aripirala,29,
10215,Krishna,Pamidimukkala,Kapileswarapuram,22,
30154,N.T.R,G.Konduru,Munagapadu,3,
10190,N.T.R,G.Konduru,Velagaleru,30,
20161,N.T.R,Gampalagudem,Tunikipadu,0,
30115,N.T.R,Gampalagudem,Utukuru,18,
20166,N.T.R,Jaggayyapeta,Gandrai,10,
20167,N.T.R,Jaggayyapeta,Takkellapadu,2,
20168,N.T.R,Mylavaram,Chandrala,3,
20169,N.T.R,Nandigama,Jonnalagadda,15,
10198,N.T.R,Nandigama,Nandigama,26,
30165,N.T.R,Penuganchiprolu,Anigallapadu,26,
20171,N.T.R,Penuganchiprolu,Nawabpeta,20,
30168,N.T.R,Tiruvuru,Vavilala,24,
30169,N.T.R,Vatsavai,Kanneveedu,20,
10203,N.T.R,Vijayawada(U),AJS Nagar,20,
50018,N.T.R,Vijayawada(U),Patamatalanka,29,
30091,Guntur,Guntur West,Dasupalem, H/o.Chinapalakaluru.,18
50030,Guntur,Guntur West,Nagarampalem,11,
10224,Guntur,Kollipara,Kollipara,4,
20211,Guntur,Pedanandipadu,Pedanandipadu,16,
10228,Guntur,Tadepally,Penumaka,29,
20172,N.T.R,Reddigudem,Rangapuram,16,
20174,N.T.R,Tiruvuru,Rolupadi,19,
30167,N.T.R,Tiruvuru,Tiruvuru,23,
20175,N.T.R,Tiruvuru,Yerramadu,30,
10201,N.T.R,Vatsavai,Vatsavai,19,
30170,N.T.R,Veerullapadu,Ponnavaram,26,
20181,N.T.R,Vijayawada(R),Gollapudi,5,
20182,N.T.R,Vijayawada(R),Gudavalli,6,
30171,N.T.R,Vijayawada(R),Nunna,28,
20183,N.T.R,Vijayawada(U),WRD Center,20,
10205,N.T.R,Vissannapeta,Putrela,28,
20204,Guntur,Duggirala,Peda Konduru,21,
20205,Guntur,Kakumanu,Kakumanu ,25,
20208,Guntur,Mangalagiri,Pedavadlapudi,22,
20209,Guntur,Medikonduru,Dokiparru,4,
30104,Guntur,Ponnur,Mulukuduru,28,
20213,Guntur,Prattipadu ,Nadimpalem,21,
20215,Guntur,Tadepally,Gundimeda,17,
10199,N.T.R,Penuganchiprolu,Penuganchiprolu,4,
20173,N.T.R,Tiruvuru,Akkapalem,13,
10200,N.T.R,Tiruvuru,Laxmipuram,0,
20179,N.T.R,Veerullapadu,Vellanki,22,
10204,N.T.R,Vijayawada(U),Vijayawada,10,
10206,N.T.R,Vissannapeta,Tatakuntla,30,
10221,Guntur,Chebrolu,Sekuru,12,
30090,Guntur,Guntur West,Ankireddypalem ,20,
30422,Guntur,Guntur West,Brundavangarden ,12,
50041,Guntur,Guntur West,Chandramouli Nagar,0,
30092,Guntur,Guntur West,Nallapadu ,30,
30093,Guntur,Guntur West,Pattabhipuram ,29,
30095,Guntur,Guntur East,Sangadigunta ,19,
10223,Guntur,Guntur West,Naidupet,8,
20206,Guntur,Kollipara,Pidaparthipalem,3,
20207,Guntur,Kollipara,Vallabhapuram,8,
30102,Guntur,Mangalagiri,Nidamarru,4,
10225,Guntur,Pedakakani,Nag.  University,3,
20214,Guntur,Tadepally,Chirravuru,2,
30112,Guntur,Tenali,Pedaravuru ,8,
10230,Guntur,Tenali,Tenali,26,
30166,N.T.R,Reddigudem,Maddulaparva,0,
20176,N.T.R,Vatsavai,Polampalli,3,
20177,N.T.R,Vatsavai,Talluru,4,
20178,N.T.R,Veerullapadu,Alluru,23,
10202,N.T.R,Veerullapadu,Veerullapadu,29,
20180,N.T.R,Vijayawada(R),Enikepadu,5,
20184,N.T.R,Vissannapeta,Vemireddypalli,16,
10222,Guntur,Duggirala,Manchikalapudi,1,
30423,Guntur,Guntur East,Reddypalem ,8,
20210,Guntur,Medikonduru,Medikonduru,24,
10226,Guntur,Phyrangipuram,Kandrika,28,
20212,Guntur,Ponnur,Mamillapalli,9,
10227,Guntur,Ponnur,Ponnur,30,
10229,Guntur,Tadikonda,Tadikonda,10,
20466,Guntur,Thulluru,Rayapudi,19,
20216,Guntur,Thulluru,Pedaparimi,22,
10231,Bapatla,Addanki,Addanki,15,
10232,Bapatla,Amartaluru,Amartaluru,21,
10234,Bapatla,Bapatla,Bapatla,16,
20221,Bapatla,Bhattiprolu,Thurpalem  H/o Oleru,7,
20222,Bapatla,Cherukupalli,Kavuru,17,
10237,Bapatla,J. Panguluru,J. Panguluru,30,
10239,Bapatla,Korisapadu,Korisapadu,0,
10240,Bapatla,Marturu,Marturu,7,
30380,Bapatla,Nagaram,Putlagunta H/o Chinamatlapudi,26,
30378,Bapatla,Nizampatnam,Adavuladeevi ,16,
30379,Bapatla,Nizampatnam,Garuvupalem, H/o.Kuchinapudi.,26
20232,Bapatla,Parchur,Parchur,27,
30258,Bapatla,Santhamaguluru,Eluchuru,18,
20235,Bapatla,Tsundur,Edla palli,8,
10243,Bapatla,Yeddanapudi,Yanamadala,1,
10244,Palnadu,Amaravathi,Amaravathi,16,
50031,Bapatla,Amartaluru,Kuchipudi1,9,
20219,Bapatla,Bapatla,Thota Malapalli,10,
20220,Bapatla,Bhattiprolu,Pedapulivarru,15,
30252,Bapatla,Chinnaganjam,Pedaganjam,8,
20225,Bapatla,Karlapalem,Karlapalem,18,
10238,Bapatla,Kolluru,Kolluru ,8,
30377,Bapatla,Nagaram,Dhulipudi ,6,
20231,Bapatla,P.V.Palem,P.V.Palem,22,
20234,Bapatla,Santhamaguluru,Kunduru,19,
10241,Bapatla,Santhamaguluru,Santhamaguluru,10,
10245,Palnadu,Atchampeta,Atchampeta,4,
20239,Palnadu,Atchampeta,Konduru ,22,
20240,Palnadu,Atchampeta,Konuru,28,
30113,Guntur,Thulluru,Venkatapalem ,2,
30424,Bapatla,Addanki,Kalavakuru,22,
20217,Guntur,Vatticherukuru,Mutluru,25,
50032,Bapatla,Amartaluru,Kuchipudi2,25,
20218,Bapatla,Ballikurava,Konidena,0,
30382,Bapatla,Bhattiprolu,Bhattiprolu,22,
10236,Bapatla,Chinnaganjam,Chinnaganjam,9,
30390,Bapatla,Chirala,Epurapalem,13,
30381,Bapatla,Karlapalem,Yazali ,10,
20227,Bapatla,Kolluru,Potarlanka,27,
20230,Bapatla,Nizampatnam,Nizampatnam,21,
20236,Bapatla,Vemuru,Vemuru,17,
10242,Bapatla,Vetapalem,Vetapalem,22,
20237,Palnadu,Amaravathi,Malladi,26,
20238,Palnadu,Amaravathi,Vykuntapuram,27,
30425,Palnadu,Atchampeta,Madipadu ,22,
20242,Palnadu,Bollapally,Bandlamotu H/O Bollapalli,14,
10247,Palnadu,Bollapally,Gummanampadu,23,
10233,Bapatla,Ballikurava,Ballikurava,1,
30235,Bapatla,Ballikurava,S.L.Gudipadu,19,
10235,Bapatla,Cherukupalli,Kanagala,21,
20223,Bapatla,Chirala,Chirala,17,
20224,Bapatla,Karamchedu,Karamchedu,14,
20226,Bapatla,Kolluru,Chinthallanka,30,
20228,Bapatla,Marturu,Dronadula,26,
20229,Bapatla,Nagaram,Nagaram,19,
30384,Bapatla,P.V.Palem,Alluru ,5,
20233,Bapatla,Repalle,Repalle,8,
30116,Bapatla,Repalle,Thummala, H/o.Pothumeraka ,2
30108,Bapatla,Repalle,Visweswaram ,23,
30086,Bapatla,Vemuru,Peravali,15,
20241,Palnadu,Atchampeta,Taduvoy,29,
10246,Palnadu,Bellamkonda,Chandrajupalem,14,
30087,Palnadu,Bollapally ,Gandiganumala ,17,
20246,Palnadu,Bollapally ,,,
(command),Vellatur,23,,,
20248,Palnadu,Dachepalli,Srinagar H/o Ramapuram,11,
30088,Palnadu,Dachepalli ,Dachepalli, ,12
40003,Palnadu,Ipur,Ipur,10,
20256,Palnadu,Karempudi,Pedakodamagundla,11,
10255,Palnadu,Karempudi ,Karempudi - 2,9,
10256,Palnadu,Karempudi ,Karempudi - 3,13,
20259,Palnadu,Macherla,Koppunuru,3,
20261,Palnadu,Nadendla,Satuluru,15,
20262,Palnadu,Narasaraopet,Petlurivaripalem,3,
20264,Palnadu,Nekarikallu,Gundlapalli,21,
10263,Palnadu,Nekarikallu,Nakrekallu,14,
20267,Palnadu,Nuzendla,Chintalacheruvu ,20,
20268,Palnadu,Nuzendla,Ramudupalem,,
H/o Putchanutala,25,,,,
20269,Palnadu,Piduguralla,Brahmanapalli H/o Kamepalli,26,
20245,Palnadu,Bollapally,Remidicherla,10,
20247,Palnadu,Chilakaluripet,Lingamguntla H/o Kavuru,0,
10249,Palnadu,Dachepalli,Dachepalli , R&B Guest House,9
10250,Palnadu,Durgi,Durgi,26,
20250,Palnadu,Edlapadu,Kothapalem ,,
H/o Kondaveedu,14,,,,
20253,Palnadu,Ipur,Kotcherla,27,
10254,Palnadu,Karempudi,Karempudi-1,28,
20255,Palnadu,Karempudi,Oppicherla,5,
10257,Palnadu,Krosuru,Krosuru,15,
20258,Palnadu,Macherla,Dwarakapuri, H/o.Kothapalli.,1
30101,Palnadu,Macherla,Tallapalli,5,
20260,Palnadu,Macherla,Vijayapurisouth,26,
10261,Palnadu,Nadendla,Nadendla,1,
40005,Palnadu,Nekarikallu,Chejerla,14,
10265,Palnadu,Pedakurapadu,Pedakurapadu,27,
30103,Palnadu,Piduguralla,Guttikonda ,0,
30105,Palnadu,Rajupalem,Uppalapadu ,10,
30107,Palnadu,Rentachintala,Mittagudipadu ,12,
10248,Palnadu,Bollapally,Gutlapalli, H/o Kandrika,12
20244,Palnadu,Bollapally,Ravulapuram,16,
20249,Palnadu,Durgi,Mutukuru,8,
10252,Palnadu,Gurazala,J.M.Puram,11,
20251,Palnadu,Gurazala,Madugula,2,
20252,Palnadu,Gurazala,Pulipadu,7,
30097,Palnadu,Gurazala,Telukutla,18,
40001,Palnadu,Ipur,Gundepalli,15,
40002,Palnadu,Ipur,Inumella,24,
40004,Palnadu,Ipur,Muppalla,29,
30098,Palnadu,Ipur ,Agnigundala ,10,
20254,Palnadu,Karempudi,Naramalapadu,30,
20257,Palnadu,Krosuru,Balemarru,8,
10258,Palnadu,Machavaram,Vemavaram,20,
10260,Palnadu,Muppalla,Muppalla,20,
20266,Palnadu,Nuzendla,Ainavolu,1,
10267,Palnadu,Rajupalem,Rajupalem,22,
30106,Palnadu,Rentachintala,Jettipalem H/o Goli,12,
20243,Palnadu,Bollapally,Mellavagu,17,
30089,Palnadu,Dachepalli,Pedagarlapadu ,15,
10251,Palnadu,Edlapadu,Unnava,11,
10253,Palnadu,Ipur,Bommrajupally,28,
30099,Palnadu,Krosuru,Garikapadu ,16,
10259,Palnadu,Macherla,Macherla-2,18,
10262,Palnadu,Narasaraopet,Narasaraopet,9,
20263,Palnadu,Nekarikallu,Cheemalamarri,19,
20265,Palnadu,Nekarikallu,Rupenaguntla,29,
10266,Palnadu,Piduguralla,Piduguralla,27,
20270,Palnadu,Rajupalem,Anupalem,29,
20271,Palnadu,Rajupalem,Ganapavaram,13,
30110,Palnadu,Rompicherla,Subbaiahpalem, H/o.Turumella,12
30109,Palnadu,Rompicherla,Santhagudipadu ,16,
30111,Palnadu,Sattenapally,Rentapalla ,27,
20279,Palnadu,Veldurthy,Sirigiripadu,23,
20280,Palnadu,Vinukonda,Nagulavaram,26,
30428,Praksasam,Ardhaveedu,Maguturu,13,
40007,Praksasam,BESTAVARIPETA,PITAKAYAGULLA,13,
10277,Praksasam,C.S.PURAM,C.S.PURAM,8,
10280,Praksasam,CUMBUM ,CUMBUM (S),21,
30242,Praksasam,GIDDALUR,Sanjeevarayunipeta,7,
10289,Praksasam,KANIGIRI,BALLIPALLI,10,
30245,Praksasam,Komarolu,Allinagaram,29,
40011,Praksasam,Komarolu,DADDAVADA,20,
10292,Praksasam,Konakanamitta,GOTLAGATTU,11,
30246,Praksasam,Konakanamitta,Konakanamitta,9,
20288,Praksasam,KOTHAPATNAM,EETHAMUKKALA,15,
20277,Palnadu,Sattenapally,Panidam,10,
30114,Palnadu,Veldurthy ,Gangulakunta ,28,
10276,Praksasam,Ardhaveedu,ARTHAVEEDU (S),17,
30236,Praksasam,BESTAVARIPETA,Bestavaripeta,16,
30237,Praksasam,C.S.PURAM,Kovelampadu,12,
30238,Praksasam,C.S.PURAM,V.Bailu,4,
20284,Praksasam,DARSI,CHANDALURU,23,
10281,Praksasam,DARSI,DARSI,27,
10282,Praksasam,DONAKONDA,DONAKONDA,17,
20285,Praksasam,DONAKONDA,KOCHERLAKOTA,20,
10284,Praksasam,Dornala,DORNALA (S),12,
30241,Praksasam,GIDDALUR,Giddaluru,1,
10295,Praksasam,KOTHAPATNAM,KOTHAPATNAM,11,
10268,Palnadu,Rentachintala,Rentachintala,23,
20274,Palnadu,Rompicherla,Rompicherla,28,
20276,Palnadu,Sattenapally,Komerapudi,18,
20281,Palnadu,Vinukonda,Neelagangavaram,17,
10274,Palnadu,Vinukonda,Vinukonda,23,
10275,Praksasam,Ardhaveedu,ARTHAVEEDU (D),27,
10279,Praksasam,CUMBUM ,CUMBUM (D),8,
40008,Praksasam,CUMBUM ,TURIMELLA,12,
20286,Praksasam,DONAKONDA,POLEPALLI,17,
30244,Praksasam,KANIGIRI,Guravagipeta,16,
10290,Praksasam,KANIGIRI,KANIGIRI,28,
50033,Palnadu,Rentachintala,Old Paluvai,21,
10269,Palnadu,Rompicherla,Gogulapadu,28,
20272,Palnadu,Rompicherla,Karlakunta H/o Dasripalem,8,
20273,Palnadu,Rompicherla,Marrichetlapalem H/O Vipparla,21,
20275,Palnadu,Sattenapally,Kattamuru,22,
10270,Palnadu,Sattenapally,Sattenapally,11,
10271,Palnadu,Savalyapuram,Savalyapuram,7,
20278,Palnadu,Veldurthy,Mandadi,1,
10272,Palnadu,Veldurthy,Veldurthy-1,7,
10273,Palnadu,Veldurthy,Veldurthy-2,15,
30426,Palnadu,Veldurthy ,Kandlakunta ,16,
30427,Palnadu,Veldurthy ,Kothapullareddypuram ,13,
30233,Praksasam,Ardhaveedu,China Kandukuru,12,
40006,Praksasam,BESTAVARIPETA,BASINEPALLI,6,
20283,Praksasam,C.S.PURAM,PEDDAGOGULAPALLI,27,
10278,Praksasam,CHIMAKURTHY,CHIMAKURTHY,24,
30240,Praksasam,Dornala,Peddabommalapuram,20,
10287,Praksasam,H.M.PADU,H.M.PADU,13,
30243,Praksasam,H.M.Padu,Valicherla,10,
10288,Praksasam,JARUGUMALLI,JARUGUMALLI,5,
10291,Praksasam,Komarolu,KOMAROLU,25,
40012,Praksasam,Komarolu,REDDICHERLA,14,
20287,Praksasam,Konakanamitta,BACHELAKURAPADU,25,
10294,Praksasam,KONDEPI,KONDEPI,22,
30248,Praksasam,Markapuram,Gajjalakonda,6,
30247,Praksasam,KOTHAPATNAM,Padarthi,0,
10297,Praksasam,Markapuram,MARKAPURAM (Deep),12,
40013,Praksasam,Markapuram,NIKARAMPALLI,0,
30251,Praksasam,P.C.Palli,Pothavaram,25,
20295,Praksasam,PAMURU,BOTLAGUDURU,26,
40014,Praksasam,PEDARAVEEDU,CUMBUMPADU,13,
30429,Praksasam,Podili,Akkachevuru,17,
30255,Praksasam,Ponnaluru,Boganampadu,9,
30256,Praksasam,Pullalacheruvu,Kavalakuntka,23,
30257,Praksasam,Pullalacheruvu,Marrivemula,2,
20299,Praksasam,Pullalacheruvu,YENDRAPALLI,20,
10313,Praksasam,Tarlupadu,TADIVARIPALLI,20,
30261,Praksasam,Thripuranthakam,Ganapavaram,6,
30262,Praksasam,Thripuranthakam,Mittapalem,29,
30264,Praksasam,Yerragondapalem,Boyalapalli,2,
10316,Praksasam,Yerragondapalem,YERRAGONDAPALEM (D),29,
10318,SPSR Nellore,Alluru,Singareddidinne,22,
20292,Praksasam,MUNDLAMURU,NUJELLAPALLI,3,
20293,Praksasam,MUNDLAMURU,POLAVARAM,9,
10303,Praksasam,ONGOLE,ULICHI,20,
30253,Praksasam,PEDARAVEEDU,Thokapalli,21,
10315,Praksasam,VELIGANDLA,VELIGANDLA,19,
20303,Praksasam,Yerragondapalem,VENKATADRIPALEM,12,
50035,SPSR Nellore,A.S.Peta,A.S.Peta,22,
10319,SPSR Nellore,Anantasagaram,Anantasagaram,6,
10298,Praksasam,Markapuram,MARKAPURAM (S),17,
10296,Praksasam,KURICHEDU,KURICHEDU,19,
10299,Praksasam,MARRIPUDI,KAKARLA,14,
20291,Praksasam,MUNDLAMURU,EDERA,28,
10300,Praksasam,MUNDLAMURU,MUNDLAMURU,4,
30249,Praksasam,N.G.Padu,B.Nidamanuru,28,
10304,Praksasam,P.C.PALLI,P.C.PALLI,4,
20294,Praksasam,P.C.PALLI,PEDAIRLAPADU,6,
20296,Praksasam,PAMURU,TIRAGALADINNE,19,
20298,Praksasam,Pullalacheruvu,MUTUKULA,1,
20300,Praksasam,CHIMAKURTHY,Mynampadu,1,
20301,Praksasam,TALLURU,BODDIKURAPADU,20,
10312,Praksasam,TALLURU,TALLURU,8,
30259,Praksasam,Tarlupadu,Tarlupadu,12,
10317,Praksasam,Yerragondapalem,YERRAGONDAPALEM (S),18,
30206,SPSR Nellore,Allur,Allur,20,
30207,SPSR Nellore,Ananthasagaram,Uppalpadu,,
Near Kammavaripalli,26,,,,
40017,SPSR Nellore,Atmakur,Battepadu,2,
20289,Praksasam,KURICHEDU,PEDDAVARAM,20,
20290,Praksasam,MARRIPUDI,MARRIPUDI,3,
10301,Praksasam,N.G.PADU,N.G.PADU,3,
10302,Praksasam,ONGOLE,ONGOLE,30,
30250,Praksasam,ongole,Yerrajerla,14,
30254,Praksasam,PAMURU,East kodigudlapalem,18,
10305,Praksasam,PAMURU,PAMURU,8,
10306,Praksasam,PEDARAVEEDU,PEDARAVEEDU,29,
20297,Praksasam,Podili,KUNCHEPALLI,25,
10307,Praksasam,Podili,PODILI,6,
10308,Praksasam,Ponnaluru,PONNALURU,7,
10309,Praksasam,Pullalacheruvu,PULLALACHERUVU,15,
40015,Praksasam,RACHERLA,CHOLLAVEEDU,5,
10310,Praksasam,RACHERLA,RACHERLA,9,
10311,Praksasam,SANTHANUTHALAPADU,CHILAKAPADU,26,
40016,Praksasam,Tarlupadu,Seethanagulavaram,10,
30260,Praksasam,Thripuranthakam,Dupadu,8,
10314,Praksasam,Thripuranthakam,TRIPURANTHAKAM,22,
20302,Praksasam,VELIGANDLA,K.AGRAHARAM,7,
30215,SPSR Nellore,Allur,Kothur,28,
10320,SPSR Nellore,Atmakur,Karatampadu,7,
10322,SPSR Nellore,Chejerla,Adurupalli,11,
40018,SPSR Nellore,Duthaluru,Duthaluru,7,
10324,SPSR Nellore,GUDLURU,GUDLURU,27,
20307,SPSR Nellore,Jaladanki,Chintalapalem  H/o Gattupalli,29,
10326,SPSR Nellore,Jaladanki,Jaladanki,6,
20308,SPSR Nellore,Kaligiri,Tella Padu,3,
30217,SPSR Nellore,Kaluvoya,Kaluvoya,4,
30218,SPSR Nellore,Kavali,Rudrakota,,
near Maddurupadu,7,,,,
10331,SPSR Nellore,Kovuru,Kovuru,10,
10321,SPSR Nellore,Bogolu,Bogolu,6,
20304,SPSR Nellore,Chejerla,Nagulavellaturu,17,
10325,SPSR Nellore,Indukurupeta,Indukurupeta,14,
30212,SPSR Nellore,Indukurupeta,Pallipadu,23,
30430,SPSR Nellore,Kaligiri,Chinna Annalur,9,
30216,SPSR Nellore,Kaligiri,Sidanakonduru,4,
20310,SPSR Nellore,Kaluvoya,Verubotlapalli,,
H/o Kanupurupalli,29,,,,
20311,SPSR Nellore,Kavali,Chelamcherla,18,
30355,SPSR Nellore,Kodavaluru,Talamanchi,9,
20314,SPSR Nellore,Kondapuram,Satyavolu Agaraharam,,
H/o Satyavolu,28,,,,
30208,SPSR Nellore,Atmakur,Nellorepalem H/O Atmakur village,13,
30354,SPSR Nellore,Buchireddypalem,Buchireddypalem,23,
30214,SPSR Nellore,Jaladanki,Chowdavaram,7,
10327,SPSR Nellore,Kaligiri,Gudladona,23,
20309,SPSR Nellore,Kaluvoya,Nukanampalli,19,
20312,SPSR Nellore,Kondapuram,Gottigundala,10,
20315,SPSR Nellore,Kondapuram,Turpu Erraballi,30,
10332,SPSR Nellore,LINGASAMUDRAM,RALLAPADU,10,
30210,SPSR Nellore,Chejerla,Bodipadu,28,
10323,SPSR Nellore,Dagadarthy,Dagadarthy,23,
20305,SPSR Nellore,GUDLURU,PURETIPALLI,3,
30213,SPSR Nellore,Indukurupeta,Koruturu,4,
20306,SPSR Nellore,Jaladanki,Brahmanakraka,27,
50036,SPSR Nellore,Kaluvoya,Uyyalapalli,,
(Kotturu Harijavada),27,,,,
10328,SPSR Nellore,KANDUKUR,KANDUKUR,17,
10329,SPSR Nellore,Kavali,Kavali,27,
30219,SPSR Nellore,Kavali, Tummalapenta,29,
10330,SPSR Nellore,Kodavaluru,Kodavaluru,21,
20313,SPSR Nellore,Kondapuram,Kondapuram,,
H/o Gudavalluru,19,,,,
30356,SPSR Nellore,Manubolu,Manubolu,21,
20316,SPSR Nellore,Marripadu,Chunchuluru,11,
30220,SPSR Nellore,Muthkuru,Krishnapatnam,19,
10335,SPSR Nellore,Nellore,Amancherlla,16,
30221,SPSR Nellore,Nellore,Bhuranpur,,
Buja buja Nellore,18,,,,
20317,SPSR Nellore,Nellore,Kondayapalem,,
(Nellore town),29,,,,
30224,SPSR Nellore,Podalakuru,Thatiparthi,18,
20321,SPSR Nellore,S.R.Puram,Ayyavaripalli,15,
10337,SPSR Nellore,Sydapuram,Utukuru,27,
10339,SPSR Nellore,ULAVAPADU,RAMAYAPATNAM,19,
30263,SPSR Nellore,V.V.Palem,Thurupu Polineni palli,19,
10340,SPSR Nellore,V.V.PALEM,V.V.PALEM,7,
20323,SPSR Nellore,Varikuntapadu,Kancheruvu,22,
30225,SPSR Nellore,Vidavaluru,Vidavaluru,10,
30432,SPSR Nellore,Vinjamur,Tamidipadu p/o Katepalli,10,
10506,Kurnool,Adoni,Pedda Harivanam,13,
20532,Kurnool,Aspari,Aspari,8,
10515,Kurnool,Chippagiri,Chippagiri,13,
30178,Kurnool,Chippagiri,Nemakallu,10,
30179,Kurnool,Devanakonda,Devanakonda,7,
20545,Kurnool,Gonegondla,Gonegondla,25,
20548,Kurnool,Halaharvi,Halaharvi,5,
30191,Kurnool,Krishnagiri,Krishnagiri,4,
10530,Kurnool,Kurnool,Kurnool,24,
10534,Kurnool,Mantralayam,Malapalli,27,
10539,Kurnool,Orvakal,Nannoor,24,
30195,Kurnool,Orvakal,Sakunala,9,
30199,Kurnool,Pattikonda,Pattikonda,11,
20568,Kurnool,Tuggali,Pagidirai,19,
10508,Nandayala,Allagadda,Allagadda,7,
70015,Nandayala,Banaganapalli,Jambuladinne,8,
70016,Nandayala,Banaganapalli,Kaipa,13,
70018,Nandayala,Banaganapalli,Mittapalli,5,
70019,Nandayala,Banaganapalli,Nandavaram (100),16,
70021,Nandayala,Banaganapalli,Nandavaram (40),25,
20536,Nandayala,Banaganapalli,Rallakothuru,29,
10333,SPSR Nellore,Marripadu,Krishnapuram,30,
20318,SPSR Nellore,Podalakur, Navuru,11,
20319,SPSR Nellore,Rapur,Akilavalasa,21,
40020,SPSR Nellore,Rapur,Gundurupalli,28,
30226,SPSR Nellore,S.R.Puram,S.R.Puram,12,
40023,SPSR Nellore,Sydapuram,Cheekavolu,2,
30227,SPSR Nellore,Sydapuram,Tummalatalupuru,22,
30228,SPSR Nellore,T.P.Gudur,Narukuru,5,
50037,SPSR Nellore,T.P.Guduru,T.P.Guduru,15,
30229,SPSR Nellore,Varikuntapadu,Varikuntapadu,8,
30230,SPSR Nellore,Vinjamur,Chakalikonda,0,
30175,Kurnool,Aluru,Aluru,4,
20537,Kurnool,C.Belagal,Kothakota,7,
10522,Kurnool,Holagonda,Yellarthi,1,
30187,Kurnool,Kalluru,Ulindakonda,12,
20551,Kurnool,Kodumuru,Pulakurthy,13,
20552,Kurnool,Kodumuru,Yerradoddi,11,
20555,Kurnool,Kowthalam ,Erigeri,2,
20564,Kurnool,Pattikonda,Devanabanda,2,
30198,Kurnool,Pattikonda,Hosuru,19,
30201,Kurnool,Peddakadaburu,Peddakadaburu,3,
30203,Kurnool,Veldurthy,govardhanagiri,10,
30173,Nandayala,Allagadda,Padakanla,5,
20535,Nandayala,Banaganapalli,Pathapadu,6,
40019,SPSR Nellore,Marripadu,Marripadu,14,
30353,SPSR Nellore,Muthkuru, Musunuruvaripalem,,
near Nalaturu,22,,,,
20320,SPSR Nellore,Rapur,Garimenapenta,5,
30431,SPSR Nellore,Rapur,Penubarthy,8,
40022,SPSR Nellore,Rapur,Siddavaram,18,
10336,SPSR Nellore,Sangam,Sangam,27,
30231,SPSR Nellore,T.P.Gudur,Kothakoduru,,
(Chinnapallipalem),8,,,,
40027,SPSR Nellore,Udayagiri,G.Ayyavaripalli,16,
30231,SPSR Nellore,Ulavapadu,Karedu,30,
20324,SPSR Nellore,Varikuntapadu,Papannagaripalli,,
H/o Viruvuru,2,,,,
20325,SPSR Nellore,Venkatachelam,Venkatachelam,,
H/o Kanupuru I,1,,,,
10342,SPSR Nellore,Vidavaluru,Vavilla II (Deep),13,
10343,SPSR Nellore,Vinjamuru,Vinjamuru,15,
20528,Kurnool,Adoni,Baichigeri,18,
20529,Kurnool,Adoni,Kallubavi,21,
30174,Kurnool,Aluru,Kammarachedu,7,
20531,Kurnool,Aluru,Molagavalli kottala,,
H/o Molagavalli,28,,,,
20533,Kurnool,Aspari,Haligera,8,
30180,Kurnool,Devanakonda,P.Kotakonda,20,
30181,Kurnool,Devanakonda,Velamakuru,28,
20546,Kurnool,Gonegondla,H. Khairawadi,18,
10524,Kurnool,Kalluru,Chinnatekur,28,
20550,Kurnool,Kodumuru,Kodumuru,10,
30190,Kurnool,Kowthalam,Nadichagi,6,
20556,Kurnool,Kowthalam ,Kowthalam ,6,
10529,Kurnool,Krishnagiri,Lakkasagaram,21,
20560,Kurnool,Mantralayam,Thungabadra,,
Kachapuram,18,,,,
10535,Kurnool,Nandavaram,Mugathi,5,
20565,Kurnool,Pattikonda,Pandikona,14,
10550,Kurnool,Tuggali,Pendekal,11,
20570,Kurnool,Veldurthy,Veldurthy,1,
10507,Nandayala,Allagadda,Ahobilam,25,
70013,Nandayala,Banaganapalli,Gulamnabipeta,25,
70022,Nandayala,Banaganapalli,Nilugondla,24,
10334,SPSR Nellore,Muthukuru,Muthukuru,6,
30223,SPSR Nellore,Podalakuru,Podalakuru,8,
40021,SPSR Nellore,Rapur,Rapur,19,
40024,SPSR Nellore,Sydapuram,Griddaluru,24,
40025,SPSR Nellore,Sydapuram,Lingasamudram,11,
40026,SPSR Nellore,Sydapuram,Sydapuram,11,
10338,SPSR Nellore,Udayagiri,Udayagiri,8,
20322,SPSR Nellore,Varikuntapadu,Kakollu varipalli,,
H/o Daman Cherla,23,,,,
10341,SPSR Nellore,Vidavaluru,Vavilla I (Shallow),29,
30172,Kurnool,Adoni,Peddathumbalam,14,
20530,Kurnool,Adoni,Virupapuram,3,
10513,Kurnool,C.Belagal,Polakal,0,
20539,Kurnool,Chippagiri,Ramadurgam,7,
20544,Kurnool,Gonegondla,B.Agraharam,16,
20547,Kurnool,Gudur,Guduru,10,
10521,Kurnool,Halaharvi,Chintakunta,0,
30184,Kurnool,Holagonda,Holagonda,9,
30186,Kurnool,Kalluru,Dupadu,4,
20554,Kurnool,Kosigi,Vandagallu,22,
20557,Kurnool,Kurnool,Gargeyapuram,5,
30192,Kurnool,Kurnool,Mamidalapadu,15,
20558,Kurnool,Kurnool,Panchalingala,23,
10531,Kurnool,Maddikera,Maddikera,7,
20559,Kurnool,Mantralayam,Suguru,1,
10538,Kurnool,Orvakal,Hussainapuram,17,
30202,Kurnool,Tuggali,jonnagiri,1,
20569,Kurnool,Tuggali,Tuggali,21,
10553,Kurnool,Yemmiganuru,Banavasi,11,
30443,Kurnool,Yemmiganuru,Gudikal,21,
30177,Nandayala,Atmakur,Venkatapuram,21,
10509,Nandayala,Atmakuru,Atmakur,20,
70012,Nandayala,Banaganapalli,Bathuluripadu,12,
70017,Nandayala,Banaganapalli,Kapulapalli,14,
70020,Nandayala,Banaganapalli,Nandavaram (17),28,
70023,Nandayala,Banaganapalli,Tammadapalli,13,
30185,Nandayala,Jupadubunglow,Mandlem,22,
70029,Nandayala,Koilkuntala,Peddakopperla,26,
10525,Nandayala,Koilkuntla,Koilakuntla,23,
30188,Nandayala,Kothapalli,Kothapalli,15,
10532,Nandayala,Mahanandi,Bukkapuram,28,
10533,Nandayala,Mahanandi,Gajulapalli,19,
20561,Nandayala,Midthuru,Jalakanur,18,
40121,Nandayala,Midthuru,Khazipeta ,,
(APCBTMP),24,,,,
30194,Nandayala,Nandikotkur,Brahmanakotkur,14,
30196,Nandayala,Pagidyala,Beeravolu,22,
20563,Nandayala,Pagidyala,Pagidyala,5,
70043,Nandayala,Panyam,Alamuru,1,
70044,Nandayala,Panyam,Gonavaram,24,
10542,Nandayala,Panyam,Panyam,6,
70047,Nandayala,Panyam,Vaddugandla,0,
40119,Nandayala,Betamcherla,Cementnagar,,
(APCBTMP),3,,,,
10516,Nandayala,Dhone,Dhone,16,
20541,Nandayala,Dhone,Kothaburuju,10,
20543,Nandayala,Dornipadu,Chakirajuvemula,17,
70026,Nandayala,Koilkuntala,Amadala,8,
70028,Nandayala,Koilkuntala,Gulladurthi,4,
30189,Nandayala,Kothapalli,kapileswaram,3,
40122,Nandayala,Midthuru,Talamudipi,,
(APCBTMP),26,,,,
70032,Nandayala,Nandyal,Poluru,7,
70035,Nandayala,Owk,G.Singavaram,19,
70036,Nandayala,Owk,Gokuladinne,21,
70038,Nandayala,Owk,Konapuram,5,
10540,Nandayala,Owk,Owk,27,
70040,Nandayala,Owk,Raghavarajapuram,30,
70041,Nandayala,Owk,Singanapalli,1,
10543,Nandayala,Panyam,Thammarajupalli,27,
10514,Nandayala,Chagalamarri,Chagalamarri,6,
20538,Nandayala,Chagalamarri,Kalugotlapalli,28,
40120,Nandayala,Chagalamarri,Mutyalapadu,22,
30182,Nandayala,Dhone,jagadurthi,1,
20542,Nandayala,Dhone,Malkapuram,21,
10518,Nandayala,Gadivemula,Gadivemula,0,
10520,Nandayala,Gospadu,Gospadu,11,
30183,Nandayala,Gospadu,Yalluru,9,
10523,Nandayala,Jupadubunglow,Jupadubunglow,10,
10526,Nandayala,Kolimigundla,Kolimigundla,16,
10536,Nandayala,Nandikotkuru,Nandikotkur,16,
10537,Nandayala,Nandyal,Nandyal,27,
70034,Nandayala,Nandyal,Venkateswarapuram,18,
70042,Nandayala,Owk,Sunkesula,23,
30197,Nandayala,Pamulapadu,Pamulapadu,8,
40124,Nandayala,Panyam,Kowluru,,
(APCBTMP),12,,,,
70024,Nandayala,Banaganapalli,Yagantipalli,3,
10511,Nandayala,Bandi Atmakur,BandiAtmakur,3,
10512,Nandayala,Betamcherla,Betamcherla-1-Shal,8,
70025,Nandayala,Gadivemula,Durvesi,28,
20549,Nandayala,Jupadubunglow,Bannur,23,
70027,Nandayala,Koilkuntala,Bijinivemula,21,
70030,Nandayala,Koilkuntala,Soudaradinne,5,
70031,Nandayala,Koilkuntala,Vallampadu,2,
20553,Nandayala,Kolimigundla,Abdullapuram,30,
20562,Nandayala,Midthuru,Midthuru,20,
70033,Nandayala,Nandyal,Rayamalpuram,12,
70037,Nandayala,Owk,Kasipuram,13,
70039,Nandayala,Owk,Lingambodu,8,
40123,Nandayala,Owk,Uppalapadu,13,
10541,Nandayala,Pamulapadu,Mittakandala,20,
70045,Nandayala,Panyam,Konidedu,12,
70046,Nandayala,Panyam,S.Kottala,14,
10545,Nandayala,Peapully,Racherla,14,
30205,Nandayala,Rudravaram,Mandaluru,18,
70052,Nandayala,Sanjamala,Mikkinenipalli,6,
10549,Nandayala,Srisailam,Sunnipenta,4,
70060,Nandayala,Uyyalawada,Alluru,25,
70061,Nandayala,Uyyalawada,Bodemmanuru,9,
70064,Nandayala,Uyyalawada,Putchakayalapalli,5,
20461,Ananthapuramu,Atmakur,Atmakuru,19,
30008,Ananthapuramu,Gooty,Bethapalli,0,
40088,Ananthapuramu,Raptadu,Bommeparthy -2 (Bhagavantha),20,
10457,Ananthapuramu,Brahmasamudram,Brahmasamudram,25,
30005,Ananthapuramu,D Hirehal,D Hirehal,10,
40086,Ananthapuramu,Kundurpi,Erragunta,4,
20469,Ananthapuramu,Gooty,Gooty,7,
30009,Ananthapuramu,Gummagatta,Gummagatta,0,
70049,Nandayala,Sanjamala,Alvakonda,13,
30200,Nandayala,Peapully,chandrapalli,17,
70056,Nandayala,Sanjamala,Natlakothuru,3,
10548,Nandayala,Sanjamala,Perusomala,28,
70058,Nandayala,Sanjamala,Sanjamala,9,
70062,Nandayala,Uyyalawada,Govindapalli,27,
70063,Nandayala,Uyyalawada,Mayaluru,6,
70066,Nandayala,Uyyalawada,S.Kothapalli,20,
20490,Ananthapuramu,Tadipatri,Avula Thippaiahpalli,7,
20491,Ananthapuramu,Tadipatri,Bhogasamudram,6,
20487,Ananthapuramu,Rapthadu,Gandlaparthi,3,
10455,Ananthapuramu,Beluguppa,Gangavaram,14,
10544,Nandayala,Peapully,Kalichetla,14,
10547,Nandayala,Rudravaram,Alamuru,12,
20566,Nandayala,Rudravaram,Rudravaram,15,
40127,Nandayala,Rudravaram,Yerrgudidinne,,
(APCBTMP),11,,,,
70053,Nandayala,Sanjamala,Muchalapuri,12,
70054,Nandayala,Sanjamala,Mudigedu,24,
70057,Nandayala,Sanjamala,R. Lingamdinne,12,
70059,Nandayala,Sanjamala,Yeggoni,18,
10551,Nandayala,Uyyalawada,Uyyalawada,30,
20571,Nandayala,Velugodu,Pangidigudem,,
(Sugali thanda),30,,,,
30204,Nandayala,Velugodu,Velpanuru,14,
20493,Ananthapuramu,Uravakonda,Amidala,12,
20458,Ananthapuramu,Ananthapuramu,Ananthapuramu,9,
40089,Ananthapuramu,Setturu,Anumpalli,14,
20473,Ananthapuramu,Kalyanadurg,Battuvanipalli,30,
10454,Ananthapuramu,Beluguppa,Beluguppa,2,
40087,Ananthapuramu,Raptadu,Bommeparthy -1 (Lingappa),21,
20463,Ananthapuramu,B.K.Samudram,Bukkarayasamudram,26,
30024,Ananthapuramu,Rayadurgam,Chadam,13,
20498,Ananthapuramu,Vidapanakal,Gadekal,24,
20467,Ananthapuramu,Garladinne,Garladinne,6,
10460,Ananthapuramu,D.Hirehal,Godiselapalli,1,
20483,Ananthapuramu,Narpala,Gugudu,4,
10546,Nandayala,Peapully,Yegnaramapuram,12,
70048,Nandayala,Sanjamala,Akkampalli,28,
70050,Nandayala,Sanjamala,Kamalapuri,0,
70051,Nandayala,Sanjamala,Mangapalli,13,
70055,Nandayala,Sanjamala,Mukkamalla,7,
20567,Nandayala,Sirivella,Sirivella,1,
40128,Nandayala,Uyyalawada,Onteddulapalli,,
(APCBTMP),26,,,,
70065,Nandayala,Uyyalawada,Rupanagudi,29,
70067,Nandayala,Uyyalawada,Tudumaladinne,26,
30003,Ananthapuramu,Ananthapuramu,Ananthapuramu,18,
30023,Ananthapuramu,Rayadurgam,Avuladatla,4,
10472,Ananthapuramu,Setturu,Cherlopalli,10,
10467,Ananthapuramu,Kundurpi,Enumuladoddi,9,
20465,Ananthapuramu,Bommanahal,Govindawada,8,
20471,Ananthapuramu,Guntakal,Guntakal,0,
30014,Ananthapuramu,Kudair,Jallipalli,25,
20468,Ananthapuramu,Garladinne,Kalluru,17,
30011,Ananthapuramu,Kalyanadurg,Kalyanadurg,25,
20476,Ananthapuramu,Kambadur,Kambadur,27,
20479,Ananthapuramu,Kudair,Kudair,18,
20482,Ananthapuramu,Kundirpi,Kundurpi,26,
20474,Ananthapuramu,Kalyanadurg,Manirevu,24,
20480,Ananthapuramu,Kudair,Marutla 2nd colony,1,
30033,Ananthapuramu,Uravakonda,Nimbagallu,10,
20485,Ananthapuramu,Peddavaduguru,Pedda vaduguru,27,
20494,Ananthapuramu,Uravakonda,Pennahobilam,14,
20460,Ananthapuramu,Ananthapuramu,Rachanapalli,15,
30035,Ananthapuramu,Yadiki,Rayalacheruvu,10,
30028,Ananthapuramu,Settur,Settur,9,
10473,Ananthapuramu,Singanamala,Tarimela,9,
10456,Ananthapuramu,Bommanahal,Unthakal,30,
30440,Ananthapuramu,Kundurpi,Jambugumpala,25,
20464,Ananthapuramu,Beluguappa,Hanimireddipalli,21,
20459,Ananthapuramu,Ananthapuramu,Kakkalapalli,8,
10458,Ananthapuramu,Brahmasamudram,Kannepalli,0,
20472,Ananthapuramu,Guntakal,Nagasamudram,11,
10464,Ananthapuramu,Guntakal,P.K.Cheruvu,8,
20481,Ananthapuramu,Kudair,PABR Dam ,,
(Korrakodu),12,,,,
20499,Ananthapuramu,Vidapanakal,Palthur,10,
20488,Ananthapuramu,Singanamala,Peravali,7,
20462,Ananthapuramu,Atmakur,Sanapa,23,
20495,Ananthapuramu,Uravakonda,Uravakonda,14,
20492,Ananthapuramu,Tadipatri,Uruchinthala,2,
10453,Ananthapuramu,Atmakur,Vaddupalli,14,
20497,Ananthapuramu,Vajrakarur,Venkatampalli,8,
10452,Ananthapuramu,Ananthapuramu,Kurugunta,16,
10470,Ananthapuramu,Putluru,Maddipalli,15,
20477,Ananthapuramu,Kambadur,Mulakanuru,14,
30018,Ananthapuramu,Narpala,Narpala,14,
10475,Ananthapuramu,Yadiki,Nittoor- Deep,29,
10461,Ananthapuramu,D.Hirehal,Obulapuram,28,
20484,Ananthapuramu,Peddapappuru,Pedda Yekkaluru,5,
10471,Ananthapuramu,Putluru,Putluru,23,
30439,Ananthapuramu,Kambadur,Ramapuram,28,
20486,Ananthapuramu,Putluru,Senagalaguduru,8,
20466,Ananthapuramu,Bommanahal,Sreedhargatta,16,
10463,Ananthapuramu,Gummagatta,Tallakera,19,
20470,Ananthapuramu,Gooty,Thondapadu,26,
10462,Ananthapuramu,Gooty,Ubicherla,30,
10474,Ananthapuramu,Vajrakarur,Vajrakarur,19,
10466,Ananthapuramu,Kanekal ,Kanekal cross,11,
20500,Ananthapuramu,Yadiki,Kona Uppalapadu,7,
20496,Ananthapuramu,Vajrakarur,Konakondla,6,
20478,Ananthapuramu,Kanekal,Malyam,15,
10469,Ananthapuramu,Peddavaduguru,Miduthuru,24,
20501,Ananthapuramu,Yadiki,Nagaruru,22,
10476,Ananthapuramu,Yadiki,Nittoor- Shallow,25,
10465,Ananthapuramu,Kambadur,Nutimadugu,1,
20475,Ananthapuramu,Kalyanadurg,Papampalli,24,
20502,Ananthapuramu,Yellanur,Pathapalli,1,
30007,Ananthapuramu,Garladinne,Penakacherla,6,
30025,Ananthapuramu,Rayadurgam,Rayadurgam,6,
30037,Ananthapuramu,Yellanuru,S.Kothapalli,24,
20489,Ananthapuramu,Singanamala,Salakamcheruvu,14,
30029,Ananthapuramu,Singanamala,Singanamala,28,
30026,Ananthapuramu,Rayadurgam,T.Veerapuram ,,
H/o Gramadatla,5,,,,
10477,Ananthapuramu,Yellanur,Thimmampalli,26,
10459,Ananthapuramu,Brahmasamudram,Vepulaparthy,20,
30034,Ananthapuramu,Vidapanakal,Vidapanakal,20,
30036,Ananthapuramu,Yadiki,Yadiki,24,
40090,Sri Sathya Sai,Agali,Agali,23,
20527,Sri Sathya Sai,Tanakal,Balasamudram ,,
(Kokkanti cross),10,,,,
40106,Sri Sathya Sai,Lepakshi,Cholasamudram,10,
20510,Sri Sathya Sai,Mudigubba,Dorigallu Quarters ,,
(B.C.Colony),8,,,,
10486,Sri Sathya Sai,Gandlapenta,Gajulavaripalli,10,
40112,Sri Sathya Sai,Penukonda,Gonipeta,23,
40091,Sri Sathya Sai,Agali,H.D.Halli,20,
40093,Sri Sathya Sai,Amarapuram,Hemavathi,9,
30004,Sri Sathya Sai,Chilamathuru,Kodikonda,18,
40100,Sri Sathya Sai,Gudibanda,Kummaranagepalli,19,
20520,Sri Sathya Sai,Ramagiri,M.C.Palli,9,
10489,Sri Sathya Sai,Hindupur,Maluguru,19,
40113,Sri Sathya Sai,Penukonda,Mavaturu,28,
10495,Sri Sathya Sai,N.P.Kunta,N.P.Kunta,0,
30016,Sri Sathya Sai,Nallacheruvu,Nallacheruvu,14,
10497,Sri Sathya Sai,Nallamada,Nallamada,15,
40096,Sri Sathya Sai,Dharmavaram,Chigicherla,26,
40099,Sri Sathya Sai,Gudibanda,Jambulabanda,18,
30010,Sri Sathya Sai,Kadiri,Kadiri,25,
10491,Sri Sathya Sai,Kanaganipalli,Kanaganapalli,0,
30013,Sri Sathya Sai,Kothacheruvu,Kothacheruvu,1,
30001,Sri Sathya Sai,Amadaguru,Kottuvari palli ,,
H/o Thummala,22,,,,
30030,Sri Sathya Sai,Talupula,Kurli,30,
20523,Sri Sathya Sai,Roddam,M.Kottapalli,20,
10487,Sri Sathya Sai,Gudibanda,Mandalahalli,13,
20505,Sri Sathya Sai,Bukkapatnam,Marala,3,
40095,Sri Sathya Sai,C.K.Palli,Nagasamudram,17,
40110,Sri Sathya Sai,Madakasira,Neelakantapuram,10,
20506,Sri Sathya Sai,C.K.Palli,Nyamaddala,0,
20518,Sri Sathya Sai,Obula Devara ,,,
Cheruvu,Obula Devara Cheruvu,8,,,
10468,Ananthapuramu,Pamidi,Yeddulapalli,10,
10478,Ananthapuramu,Yellanur,Yellanur,1,
40092,Sri Sathya Sai,Amarapuram,Amarapuram,13,
20515,Sri Sathya Sai,N.P.Kunta,Balijapalli ,,
H/o Pedaballi,20,,,,
40105,Sri Sathya Sai,Kothacheruvu,Bandlapalli,3,
40117,Sri Sathya Sai,Rolla,Bomma Gundana Halli,12,
10499,Sri Sathya Sai,Penukonda,Gutturu,11,
10488,Sri Sathya Sai,Hindupur,Hindupur,1,
10490,Sri Sathya Sai,Kadiri,Kalasamudram,0,
10483,Sri Sathya Sai,Chennakothapalli,Kanumukkala,11,
40107,Sri Sathya Sai,Lepakshi,Konduru,24,
20503,Sri Sathya Sai,Amadagur,Mahammadabad,20,
10494,Sri Sathya Sai,Mudigubba,Malakavemula,13,
20513,Sri Sathya Sai,Mudigubba,Mallepalli,24,
20514,Sri Sathya Sai,Mudigubba,Mudigubba,0,
20526,Sri Sathya Sai,Talupula,Obulareddipalli,29,
10479,Sri Sathya Sai,Amadagur,Amadagur,7,
10480,Sri Sathya Sai,Amarapuram,Basavanahalli,26,
20504,Sri Sathya Sai,Bukkapatnam,Bukkapatnam,30,
10503,Sri Sathya Sai,Somandepalli,Chalakuru,11,
20519,Sri Sathya Sai,Obuladevara cheruvu,Challavaripalli,29,
40094,Sri Sathya Sai,C.K.Palli,Chenne Kotha Palli,5,
10484,Sri Sathya Sai,Chilamathur,Chilamathur,25,
10485,Sri Sathya Sai,Dharmavaram,Dharmavaram,26,
40098,Sri Sathya Sai,Gudibanda,Gudibanda,11,
20511,Sri Sathya Sai,Mudigubba,Gunjepalli,16,
10492,Sri Sathya Sai,Madakasira,Kallumarri,23,
10481,Sri Sathya Sai,Bathalapalli,Kattakindapalli,26,
20512,Sri Sathya Sai,Mudigubba,Kodavandlapalli,26,
40104,Sri Sathya Sai,Kanaganipalli,Mamillapalli,25,
40102,Sri Sathya Sai,Hindupur,Manesamudram,5,
40101,Sri Sathya Sai,Gudibanda,Morabagal,20,
10482,Sri Sathya Sai,Bukkapatnam,Pamudurthi,30,
30027,Sri Sathya Sai,Roddam,Pedda Manthuru,7,
10498,Sri Sathya Sai,Parigi,Parigi,20,
10496,Sri Sathya Sai,Nallacheruvu,Pedda yellampalli,18,
20521,Sri Sathya Sai,Ramagiri,Peruru,12,
20522,Sri Sathya Sai,Ramagiri,Polepalli,16,
40115,Sri Sathya Sai,Roddam,R.Locherla,25,
20524,Sri Sathya Sai,Roddam,Rachur,9,
10501,Sri Sathya Sai,Roddam,Roddam,26,
40109,Sri Sathya Sai,Lepakshi,Sirivaram,11,
30002,Sri Sathya Sai,Amarapuramu,Valasa,18,
20370,YSR,Atloor,Atloor,10,
20374,YSR,B.Mattam,D.Agraharam,10,
20377,YSR,Chakrayapeta,Kuppam rajupalli,3,
20378,YSR,Chakrayapeta,Mahadevapalli,29,
70001,YSR,Jammalamadugu,S.Uppalapadu,21,
20381,YSR,Kalasapadu,E.Ramapuram,7,
40071,YSR,Kalasapadu,Sankavaram,21,
10407,YSR,Kamalapuram,Kamala puram,0,
40111,Sri Sathya Sai,Madakasira,R.Ananthapuramu,1,
30006,Sri Sathya Sai,Dharmavaram,Ravulacheruvu,5,
40116,Sri Sathya Sai,Roddam,Syapuram,3,
10502,Sri Sathya Sai,Roddam,Turakalapatnam,14,
10493,Sri Sathya Sai,Madakasira,Vadrapalem,18,
30022,Sri Sathya Sai,Puttaparthi,Vengalamma cheruvu,28,
30117,YSR,Atloor,Konduru,11,
30118,YSR,B.Kodur,L.Sagileru H/O Muneli,18,
10395,YSR,B.Kodur,Payala kunta,12,
20376,YSR,Badvel,Venkatasettipalli,19,
10400,YSR,Chakrayapeta,Chakraya pet,30,
30122,YSR,Duvvur,Chintakunta,9,
30123,YSR,Duvvur,Jillela ,9,
50040,YSR,Kadapa,SriramNagar,20,
30125,YSR,Kalasapadu,Kalasapadu,30,
30031,Sri Sathya Sai,Tanakal,Peddapalli ,,
H/o Mallareddypalli,22,,,,
40097,Sri Sathya Sai,Gorantla,Pulagurlapalli,12,
40108,Sri Sathya Sai,Lepakshi,Pulamathi,18,
10504,Sri Sathya Sai,Somandepalli,Somandepalli,12,
20509,Sri Sathya Sai,Kothacheruvu,Talamarla,5,
20508,Sri Sathya Sai,Kanaganipalli,ThagaraKunta,4,
40103,Sri Sathya Sai,Hindupur,Thumukunta,8,
30017,Sri Sathya Sai,Nallamada,Velamaddi,29,
20372,YSR,Atloor,Konarajupalli,20,
20373,YSR,B.Mattam,Chowdarivaripalle,4,
10397,YSR,Badvel,Badvel,29,
10401,YSR,Chennur,Chennur,16,
30019,Sri Sathya Sai,Puttaparthi,Pedaballi,25,
40114,Sri Sathya Sai,Penukonda,Penukonda,13,
20525,Sri Sathya Sai,Tadimarri,Pinnadari,12,
20517,Sri Sathya Sai,Nallamada,Pulagampalli,23,
30020,Sri Sathya Sai,Puttaparthi,Puttaparthi,12,
10500,Sri Sathya Sai,Ramagiri,Ramagiri,13,
40118,Sri Sathya Sai,Rolla,Rolla,18,
30441,Sri Sathya Sai,Puttaparthi,Satarlapalli,10,
10505,Sri Sathya Sai,Tadimarri,Tadimarri,8,
30442,Sri Sathya Sai,Tanakal,Tanakal,15,
20516,Sri Sathya Sai,N.P.Kunta,Thurupu Nadimpalli,0,
20507,Sri Sathya Sai,Gorantla,Vonavolu,16,
20371,YSR,Atloor,Kamalakur,11,
20375,YSR,B.Mattam,Mudumala,28,
10399,YSR,C.K.Dinne,Maddi madugu,4,
30119,YSR,Chapadu,Maduru,14,
20380,YSR,Chennur,Balasinganapalli,25,
10406,YSR,Kalasapadu,Chennareddypalle,14,
20382,YSR,Kamalapuram,Kogatam,9,
20383,YSR,Kamalapuram,Lethapalli,9,
20384,YSR,Kamalapuram,Pandillapalli,2,
30126,YSR,Khajipeta,Dumpalagattu,0,
20386,YSR,Kondapuram,Burujupalli,19,
30128,YSR,Kondapuram,Pottipadu,7,
20390,YSR,Muddanur,Mangapatnam,16,
10410,YSR,Muddanur,Uppalur,1,
10413,YSR,Mydukur,Vanipenta,23,
70011,YSR,Peddamudium,Paluru,12,
20393,YSR,Peddamudium,Peddamudium,10,
40072,YSR,Porumamilla,Ganugapenta,8,
30132,YSR,Porumamilla,Porumamilla,26,
30133,YSR,Porumamilla,Rajasahebpeta,3,
10418,YSR,Proddatur,Proddatur,29,
30134,YSR,Pulivendula,Chandragiri,7,
10420,YSR,S.H.Puram,Balapanur,20,
30141,YSR,V.N.Palle,Komaddi,16,
10408,YSR,Kondapuram,Lavanur,2,
20388,YSR,Lingala,Bonala,22,
30129,YSR,Lingala,Hirojipuram,18,
20389,YSR,Lingala,Parnapalli,0,
10412,YSR,Mydukur,Nandyalam pet,4,
10419,YSR,Pulivendula,Pulivendla,27,
20400,YSR,Pulivendula,Rayalapuram,19,
20401,YSR,S.A.Kasinayana,KN Kottalu,6,
40074,YSR,S.A.Kasinayana,Narasapuram,28,
30140,YSR,S.H.Puram,Ravulakolanu,6,
20403,YSR,S.H.Puram,S.H.Puram,6,
10421,YSR,Sidhout,Bhakrapet,13,
20407,YSR,Thondur,Santhakovvur,22,
10422,YSR,Thondur,Thondur,14,
20408,YSR,V.N.Palle,S.Palagiri,15,
20410,YSR,Vallur,Paidikalva,12,
20414,YSR,Vempalli,Veerannagattupalli,22,
20385,YSR,Khajipeta,Khajipeta,14,
10409,YSR,Lingala,Chinna kudala,13,
10411,YSR,Muddanur,Yamavaram,29,
20391,YSR,Mydukur,N. Mydukur,20,
20395,YSR,Pendlimarri,Ganganapalli,3,
30138,YSR,Rajupalem,Vellala,26,
40075,YSR,S.A.Kasinayana,Varikuntla,11,
20411,YSR,Vallur,Vallur,9,
30143,YSR,Vempalli,T.Velamavaripalli,21,
70002,YSR,Mylavaram,Chinna Kommerla,26,
10414,YSR,Mylavaram,Talamanchi patnam,26,
20392,YSR,Mylavaram,Torrivemula,9,
70006,YSR,Peddamudium,Diguvakalvatala,22,
70007,YSR,Peddamudium,Gundlakunta,16,
70009,YSR,Peddamudium,Kondasunkesula,6,
70010,YSR,Peddamudium,Medidinne,10,
20394,YSR,Peddamudium,Peddapasupula,11,
20396,YSR,Pendlimarri,Nandimandalam,1,
30131,YSR,Pendlimarri,Yogivemana university,14,
20397,YSR,Porumamilla,Akkalreddypalli,25,
40073,YSR,Porumamilla,Siddavarm,21,
20398,YSR,Proddatur,Radhanagar,10,
30135,YSR,Pulivendula,IGCARL,8,
20402,YSR,S.H.Puram,Koraguntapalli,11,
20405,YSR,Sidhout,Takkolu,27,
20406,YSR,Thondur,Goturu,13,
10423,YSR,V.N.Palle,Payasam palle,18,
20409,YSR,V.N.Palle,V.N.Palli,19,
20413,YSR,Vempalli,Tallapallli,30,
30144,YSR,Vemula,Peddajuturu,9,
20415,YSR,Vemula,Pernapadu,11,
10425,YSR,Vemula,Vemula,11,
10426,YSR,Vontimitta,C.Kotha palle,27,
30121,Annamayya,Chitvel,Thimmaiahgaripalli,16,
10430,Annamayya,Chitvel,Venkataraju palle,28,
20429,Annamayya,Kalakada,Kadirinayani cheruvu,20,
10432,Annamayya,Kalakada,Kalakada,22,
30050,Annamayya,Madanapalle,Madanapalli new,27,
10437,Annamayya,Molakalacheruvu,Molakalacheruvu,2,
20438,Annamayya,Nandalur,Chintakayalapalli,23,
10438,Annamayya,Nandalur,Nandalur,0,
40080,Annamayya,Obulavaripalli,Mukkavaripalli,24,
40081,Annamayya,P.T.M,Pulikallu                              ,1,
10424,YSR,Vempalli,Vempalle,23,
20417,YSR,Yerraguntla,Chilamkur,18,
20418,YSR,Yerraguntla,Chinnadandluru,8,
20422,Annamayya,Chitvel,Pathiguntavaripalli,9,
10428,Annamayya,Chitvel,T.G.palle (D),19,
30124,Annamayya,Galiveedu,Velligallu,22,
20425,Annamayya,K.V.Palle,Gyaram palli ,4,
20427,Annamayya,K.V.Palle,Sorakayala peta  ,28,
20428,Annamayya,K.V.Palle,Vagalla  ,11,
20433,Annamayya,Kalikiri,Medi kurthi ,1,
20434,Annamayya,Kodur,VPR Kandriga,11,
10434,Annamayya,Kurabalakota,Kurabalakota,25,
10436,Annamayya,Madanapalle,Madanapalle,1,
40079,Annamayya,Molakalacheruvu,Burakayalakota  ( APSWR school ),20,
20440,Annamayya,P.T.M,Burlapalli,9,
20416,YSR,Vontimitta,Mantapampalli,6,
20419,YSR,Yerraguntla,Venkatapuram,27,
10427,Annamayya,B.Kothakota,B.Kothakota,29,
40076,Annamayya,B.Kothakota,Horsely Hills,,
,20,,,,
20420,Annamayya,Chinnamandem,Padamatikona,8,
30120,Annamayya,Chitvel,Nagavaram,24,
10429,Annamayya,Chitvel,T.G.palle (S),30,
20424,Annamayya,Gurram konda ,Tarigonda PHC,7,
20430,Annamayya,Kalakada,Mahal ,25,
20431,Annamayya,Kalakada,Yerrakotapalli,9,
20432,Annamayya,Kalikiri,Guttapalyam ,13,
40077,Annamayya,Kurabalakota,Mudivedu,3,
40078,Annamayya,Madanapalle,C.T.M,12,
20437,Annamayya,Molakalacheruvu,T.Chowdasamudram ,29,
10440,Annamayya,Obulavaripalli,Yerraguntla kota,0,
20442,Annamayya,P.T.M,Varikasuvupalle,27,
10442,Annamayya,Peddamandyam,Peddamandyam,14,
20443,Annamayya,Peddamandyam,Thurakapalli  ,21,
30038,Annamayya,B.Kothakota,B.Kothakota new,24,
20421,Annamayya,Chitvel,Bakarapuram,21,
20423,Annamayya,Galiveedu,Galiveedu,23,
10431,Annamayya,Galiveedu,Nooliveedu,26,
30045,Annamayya,Gurram konda ,Yellutla,19,
30046,Annamayya,K.V.Palle,Jillelamanda,3,
20426,Annamayya,K.V.Palle,Nuthana kalva ,14,
10433,Annamayya,Kalikiri,Kalikiri,5,
30437,Annamayya,Kodur,Gangarajupuram,22,
30438,Annamayya,Kodur,Kodur,29,
30127,Annamayya,Kodur,Lakshmigaripalli,7,
10435,Annamayya,L.R.Palli,Lakkireddy palle,30,
20436,Annamayya,Molakalacheruvu,Kalava palli  ,24,
10439,Annamayya,Nimmanapalle,Nimmanapalle,14,
20439,Annamayya,Nimmanapalle,Vengamvaripalli,14,
10441,Annamayya,P.T.M,Kandukuru,29,
20441,Annamayya,P.T.M,T.Sadum,28,
30130,Annamayya,Penagaluru,Bestapalli,27,
20446,Annamayya,Piler,Regallu ,7,
20447,Annamayya,Piler,Thalapula,13,
20450,Annamayya,Ramapuram,Guvvalacheruvu,0,
10447,Annamayya,Rayachoty,Rayachoty,5,
20452,Annamayya,Sambepalli,Devapatla,24,
30055,Annamayya,Thamballapalle,Gopidinne ,3,
40084,Annamayya,Thamballapalle,Kannemadugu,1,
10449,Annamayya,Thamballapalle,Thamballapalle,20,
10450,Annamayya,Tsundupalle,Tsundupalle,1,
40028,Chittoor,Baireddipalli,Belupalle             ,3,
40029,Chittoor,Bangarupalem,Tekumanda                         ,15,
10346,Chittoor,Chittoor,Chittoor,14,
10351,Chittoor,Irala,Irala,5,
10443,Annamayya,Piler,Piler,21,
20449,Annamayya,Pullampeta,Vathaluru,12,
30137,Annamayya,Rajampeta,Tallapaka,20,
10446,Annamayya,Ramapuram,Ramapuram,21,
40082,Annamayya,Ramasamudram,Ramasamudram,5,
40083,Annamayya,Sambepalli,Gunnikuntla,17,
20453,Annamayya,Tsundupalle,Chinnabidiki,3,
40085,Annamayya,Tsundupalle,Vadlapalle(Thimmasamudram),11,
30058,Annamayya,Vayalapadu,Chintaparthi,4,
10451,Annamayya,Vayalapadu,Vayalapadu,1,
30142,Annamayya,Veeraballi,Matli,25,
10345,Chittoor,Bangarupalem,Bangarupalem,2,
30041,Chittoor,Chowdepalle,Laddigam,23,
30042,Chittoor,Gangavaram,Pathikonda,19,
30434,Chittoor,Gudupalle,Dravida University,8,
10350,Chittoor,Gudupalle,Gudupalle,21,
40030,Chittoor,Irala,Maddipatlapalle                               ,1,
30048,Chittoor,Kuppam,Adaviboduguru,19,
10353,Chittoor,Nagari,Nagari,26,
40031,Chittoor,Palamaneru,Karidimadugu,26,
10354,Chittoor,Palamaneru,Palamaner,12,
20444,Annamayya,Penagaluru,Bestapalli,7,
10444,Annamayya,Pullampeta,Puttanavari palle,20,
20451,Annamayya,Rayachoty,Vaddepalli,25,
30139,Annamayya,Sambepalli,Dudyala,29,
30056,Annamayya,Thamballapalle,Thambalapalli,24,
20454,Annamayya,Tsundupalle,Rayavaram,20,
20455,Annamayya,Veeraballi,Sanipaya,5,
20456,Annamayya,Veeraballi,Vangimalla,9,
20457,Annamayya,Veeraballi,Veeraballi,27,
10344,Chittoor,Baireddipalli,Baireddipalli,22,
10347,Chittoor,Chowdepalle,Chowdepalle,17,
20328,Chittoor,G.D.Nellore,Nellepalli,9,
20329,Chittoor,Gudipala,Thimmayapalli,28,
30435,Chittoor,Gudupalle,Solachinthanapalli.,18,
10352,Chittoor,Karvetinagaram,Karvetinagaram,4,
30049,Chittoor,Kuppam,Kangundhi,2,
40032,Chittoor,Palamaneru,Kolamasanapalli ,5,
20445,Annamayya,Penagaluru,Konduru,13,
20448,Annamayya,Piler,Vepulabailu,16,
30136,Annamayya,Rajampeta,Brahmanapalli,15,
10448,Annamayya,Sambepalli,Sambepalle,8,
30059,Annamayya,Vayalapadu,Vayalapadu,19,
20326,Chittoor,Bangarupalem,Thumbakuppam,7,
20327,Chittoor,Chittoor,BNR Peta,1,
30433,Chittoor,Chittoor,Chittoor ( new ),18,
10348,Chittoor,G.D.Nellore,G.D.Nellore,6,
10349,Chittoor,Gudipala,Gudipala,4,
20330,Chittoor,Irala,Polakala,29,
30047,Chittoor,Karvetinagaram,Annuru,0,
40035,Chittoor,Peddapanjani,Peddapanjani                ,30,
10357,Chittoor,Pulicherla,Pulicherla,29,
10359,Chittoor,Puthalapattu,Puthalapattu,0,
20332,Chittoor,Rompicherla,Ganuguchintha,28,
10361,Chittoor,Sadum,Sadum,10,
40045,Chittoor,Tavanampalli,Paipalle,30,
10366,Chittoor,Vedurukuppam,Vedurukuppam,7,
10369,Tirupati, B N kandriga,B.N.Kandriga,23,
10370,Tirupati,Balayapalli,Balayapalli,10,
20340,Tirupati,Balayapalli,Perimidi,10,
10371,Tirupati,Chandragiri,Chandragiri,5,
30211,Tirupati,Chillakur,Chintavaram,3,
20347,Tirupati,Chillakuru,Thikkavaram,22,
10355,Chittoor,Palasamudram,Palasamudram,18,
40034,Chittoor,Peddapanjani,Karasanapalle               ,26,
10356,Chittoor,Peddapanjani,Royalpeta,6,
40036,Chittoor,Pulicherla,Mangalampeta                                      ,13,
40037,Chittoor,Punganur,Gudurupalle,24,
40040,Chittoor,Ramakuppam,Cheldiganipalle,29,
20334,Chittoor,Sadum,Cherukuvandla palli ,9,
40044,Chittoor,Santipuram,Rallaboduguru                   ,3,
10362,Chittoor,Santipuram,Shanthipuram,19,
10364,Chittoor,Tavanampalli,Tavanampalli,12,
40048,Chittoor,V.Kota,Ragisandram ,4,
30060,Chittoor,Vijayapuram,Vijayapuram,13,
10368,Chittoor,Yadamarri,Yadamarri,11,
20339,Tirupati, B N kandriga,Pallamala,18,
40049,Tirupati,Balayapalli,Nindali,15,
20341,Tirupati,Balayapalli,Sangavaram,13,
40050,Tirupati,Balayapalli,Vakyam,20,
20342,Tirupati,Chandragiri,Aithepalli ,15,
20343,Tirupati,Chandragiri,Kongaravaripalle,1,
20344,Tirupati,Chandragiri,Kotala,0,
30039,Tirupati,Chinnagottigallu,Bhakrapeta,22,
30051,Chittoor,Penumuru,Penumuru,29,
20331,Chittoor,Pulicherla,Kalluru,7,
10358,Chittoor,Punganur,Punganur,13,
40038,Chittoor,Punganur,Vanamaladinne            ,29,
30053,Chittoor,S.R.Puram,Chinnatayuru,10,
40043,Chittoor,Santipuram,Gundusettipalli,30,
20335,Chittoor,Somala,Kanduru ,9,
20337,Chittoor,Somala,Peddaupparapalli,21,
40047,Chittoor,V.Kota,Lingapuram           ,26,
10365,Chittoor,V.Kota,V.Kota,4,
30209,Tirupati,Balayapalli,Jayampu,10,
20346,Tirupati,Chillakuru,Ballavolu,14,
10373,Tirupati,Chillakuru,Chillakuru,9,
10374,Tirupati,Chinnagottigallu,Chinnagottigallu,19,
20350,Tirupati,Chittamuru,Mettu,6,
40033,Chittoor,Peddapanjani,Appinapalle                      ,7,
40039,Chittoor,Ramakuppam,Balla,5,
40041,Chittoor,Ramakuppam,Ramakuppam ,3,
10360,Chittoor,Ramakuppam,Vijilapuram,1,
20333,Chittoor,Rompicherla,Rompicherla,9,
40042,Chittoor,Santipuram,Anikera                                        ,24,
20336,Chittoor,Somala,Nanjampeta,2,
10363,Chittoor,Somala,Somala,2,
40046,Chittoor,V.Kota,Kasthurinagaram                       ,15,
10367,Chittoor,Vijayapuram,Pannur,3,
20338,Chittoor,Yadamarri,Muddaramapuram,9,
10372,Tirupati,Chandragiri,Panapakam,30,
20345,Tirupati,Chillakuru,Annambaka,3,
20348,Tirupati,Chittamuru,Buradagali Kothapalem,7,
20349,Tirupati,Chittamuru,Chillamuru,20,
40055,Tirupati,K.V.B.Puram,KVB.Puram ,26,
30436,Tirupati,Kota,Vanjuvaka(nearAllampadu),29,
20355,Tirupati,Naidupeta,Vinnamala,25,
10381,Tirupati,Puttur,Puttur,24,
40057,Tirupati,Ramachandrapuram,Ramachandrapuram,30,
20358,Tirupati,Renigunta,Karakambadi,20,
20359,Tirupati,Srikalahasti,Pallam,4,
40061,Tirupati,Sullurupeta,Dama Nellore,3,
20361,Tirupati,Tada,Chinnamambattu,,
H/o Mambattu,26,,,,
20365,Tirupati,Thottambedu,Konathaneri,4,
10387,Tirupati,Vakadu ,Vakadu  I (Deep),3,
40066,Tirupati,Venkatagiri,Kurjagunta,29,
30062,Tirupati,Yerpedu,Munagalapalem ,8,
40051,Tirupati,Dakkili,Nagavolu,17,
20353,Tirupati,Doravisatram,Vedurupattu,22,
40054,Tirupati,Guduru,Vinduru,23,
10379,Tirupati,Ozili,Gurramkonda,16,
10384,Tirupati,Srikalahasti,Empedu,16,
40060,Tirupati,Srikalahasti,Thondamanadu,5,
20360,Tirupati,Sullurupeta,Raganna patteda,,
H/o Pantrangam,16,,,,
50039,Tirupati,Sullurupeta,Sullurupeta,27,
10385,Tirupati,Tada,Tada,26,
20366,Tirupati,Thottambedu,Pillamedu,26,
30352,Tirupati,Vakadu,Duggarajupatnam,1,
10390,Tirupati,Venkatagiri,Venkatagiri,10,
30061,Tirupati,Yerpedu,Merlapaka,18,
40052,Tirupati,Doravisatram,Chandanamudi,15,
10376,Tirupati,Gudur,Gudur,11,
40053,Tirupati,Guduru,Kommaneturu,23,
10378,Tirupati,Nagalapuram,Nagalapuram,18,
20356,Tirupati,Ozili,Batlakanupur,7,
40056,Tirupati,Pakala,Pakala                                ,,
,22,,,,
30222,Tirupati,Pellakur,Palchuru,3,
10380,Tirupati,Pitchatur,Pitchatur,27,
10382,Tirupati,Renigunta,Mamanduru,6,
10383,Tirupati,Satyavedu,Satyavedu,19,
30054,Tirupati,Srikalahasti,Inagaluru,18,
40059,Tirupati,Srikalahasti,Kapuganneri,29,
20362,Tirupati,Tada,Kaduluru,23,
20363,Tirupati,Tada,Vatambedu,19,
10386,Tirupati,Thottambedu,Chiyyavaram,25,
40063,Tirupati,Vadamalapeta,Abbikandriga ,22,
40064,Tirupati,Vadamalapeta,Appalayagunta,10,
10389,Tirupati,Varadaiahpalem,Varadaiahpalem,9,
40065,Tirupati,Venkatagiri,Chelikampadu,0,
40069,Tirupati,Yerpedu,Yerpedu         ,13,
20351,Tirupati,Chittamuru,Yakasiri,5,
10375,Tirupati,Dakkili,Dakkili,14,
20352,Tirupati,Doravisatram,Mutchalagunta,3,
10377,Tirupati,K.V.B.Puram,Ragigunta,17,
20354,Tirupati,Kota,Kota,6,
20357,Tirupati,Pellakuru,Sirasanambedu,26,
40058,Tirupati,Renigunta,Gajulamandyam,1,
20364,Tirupati,Tada,Venadu,10,
40062,Tirupati,Thottambedu,Bonupalli,2,
20367,Tirupati,Tirupathi (R ),Perumallapalli ,1,
30057,Tirupati,Tirupathi(u),Tirupathi RARS,25,
20368,Tirupati,Vakadu ,Nalagamala H/o Reddypalem BitNaII,27,
10388,Tirupati,Vakadu ,Vakadu  II (Shallow),18,
40067,Tirupati,Venkatagiri,Siddavaram,22,
40068,Tirupati,Venkatagiri,Vallivedu,1,
10391,Tirupati,Yerpedu,Papanaidupet,29,
30063,Tirupati,Yerpedu,Yerpedu NEW,5,
10392,Tirupati,Yerravaripalem,Nerabailu,26,
20369,Tirupati,Yerravaripalem,Yellamanda  ,27,
